Product Name,EC-Number,,,,,,,,,,
"1,4-dihydroxy-2-naphthoyl-CoA hydrolase",EC-3.1.2.28,,,,,,,,,,
"1,4-dihydroxy-2-naphthoyl-CoA synthase",EC-4.1.3.36,,,,,,,,,,
1-deoxy-D-xylulose 5-phosphate reductoisomerase,EC-1.1.1.267,,,,,,,,,,
1-deoxy-D-xylulose-5-phosphate synthase,EC-2.2.1.7,,,,,,,,,,
1-hydroxy-2-methyl-2-(E)-butenyl 4-diphosphate reductase,EC-1.17.7.4,,,,,,,,,,
1-phosphofructokinase,EC-2.7.1.56,,,,,,,,,,
16S rRNA 2'-<i>O</i>-ribose C1402 methyltransferase,EC-2.1.1.198,,,,,,,,,,
16S rRNA m<sup>3</sup>U1498 methyltransferase,EC-2.1.1.193,,,,,,,,,,
16S rRNA m<sup>4</sup>C1402 methyltransferase,EC-2.1.1.199,,,,,,,,,,
"2,3-bisphosphoglycerate-dependent phosphoglycerate mutase",EC-5.4.2.11,,,,,,,,,,
"2,3-diaminopropionate ammonia-lyase",EC-4.3.1.15,,,,,,,,,,
"2,3-dihydro-2,3-dihydroxybenzoate dehydrogenase",EC-1.3.1.28,,,,,,,,,,
"2,3-dihydroxybenzoate-AMP ligase",EC-2.7.7 // EC-6.3.2.14 // EC-2.7.7.58 // EC-2.5.1,,,,,,,,,,
"2,3-dihydroxybenzoyl-EntB",EC-3.3.2.1 // EC-6.3.2.14 // EC-2.7.7.58 // EC-2.5.1,,,,,,,,,,
"2,3-diketo-L-gulonate reductase",EC-1.1.1.130,,,,,,,,,,
"2,3-diketo-L-gulonate:Na<sup>+</sup> symporter - periplasmic binding protein"" // ""2,3-diketo-L-gulonate:Na<sup>+</sup> symporter - membrane subunit"" // ""2,3-diketo-L-gulonate:Na<sup>+</sup> symporter - membrane subunit",,,,,,,,,,,
2-amino-3-ketobutyrate CoA ligase,EC-2.3.1.29,,,,,,,,,,
"2-<i>C</i>-methyl-D-erythritol 2,4-cyclodiphosphate synthase",EC-4.6.1.12,,,,,,,,,,
2-hydroxy-6-oxononatrienedioate hydrolase,EC-3.7.1.14,,,,,,,,,,
"2-hydroxycyclohepta-1,4,6-triene-1-carboxyl-CoA thioesterase",EC-3.1.2,,,,,,,,,,
2-hydroxypentadienoate hydratase,EC-4.2.1.80,,,,,,,,,,
2-keto-3-deoxy-L-rhamnonate aldolase,EC-4.1.2.53,,,,,,,,,,
2-methylcitrate synthase,EC-2.3.3.5 // EC-2.3.3.16 // EC-2.3.3.1,,,,,,,,,,
2-methylisocitrate lyase,EC-4.1.3.30,,,,,,,,,,
"2-oxoglutarate decarboxylase, thiamine-requiring",EC-1.2.4.2 // EC-2.3.1.61 // EC-1.8.1.4,,,,,,,,,,
2-oxoglutarate dehydrogenase complex,"EC-1.8.1.4 // EC-1.2.4.2 // EC-2.3.1.61 // EC-1.4.4.2 // EC-2.1.2.10 // EC-1.2.1 // EC-1.2.4.1 // EC-2.3.1.12 // """"",,,,,,,,,,
2-succinyl-5-enolpyruvyl-6-hydroxy-3-cyclohexene-1-carboxylate synthase,EC-2.2.1.9,,,,,,,,,,
23S rRNA 2'-<i>O</i>-ribose G2251 methyltransferase,EC-2.1.1.185,,,,,,,,,,
23S rRNA m<sup>3</sup>&Psi;1915 methyltransferase,EC-2.1.1.177,,,,,,,,,,
23S rRNA m<sup>5</sup>C1962 methyltransferase,EC-2.1.1.191,,,,,,,,,,
2Fe-2S cluster-containing protein YeaW,EC-1.14.13,,,,,,,,,,
"3,4-dihydroxy-2-butanone-4-phosphate synthase",EC-4.1.99.12,,,,,,,,,,
"3-carboxyethylcatechol 2,3-dioxygenase",EC-1.13.11.16,,,,,,,,,,
3-dehydroquinate dehydratase,EC-4.2.1.10,,,,,,,,,,
"3-deoxy-7-phosphoheptulonate synthase, Phe-sensitive",EC-2.5.1.54,,,,,,,,,,
"3-deoxy-7-phosphoheptulonate synthase, Trp-sensitive",EC-2.5.1.54,,,,,,,,,,
"3-deoxy-7-phosphoheptulonate synthase, Tyr-sensitive",EC-2.5.1.54,,,,,,,,,,
3-deoxy-D-<i>manno</i>-octulosonate 8-phosphate phosphatase KdsC,EC-3.1.3.45,,,,,,,,,,
3-deoxy-D-<i>manno</i>-octulosonate 8-phosphate synthase,EC-2.5.1.55,,,,,,,,,,
3-hydroxy acid dehydrogenase,EC-1.1.1.298,,,,,,,,,,
"3-hydroxy-2,4-pentadione 5-phosphate thiolase",EC-2.3.1.245,,,,,,,,,,
3-hydroxy-acyl-[acyl-carrier-protein] dehydratase,EC-4.2.1.59 // EC-2.3.1.86 // EC-2.3.1.85,,,,,,,,,,
3-isopropylmalate dehydratase,,,,,,,,,,,
3-isopropylmalate dehydrogenase,,,,,,,,,,,
3-keto-L-gulonate-6-phosphate decarboxylase UlaD,EC-4.1.1.85,,,,,,,,,,
3-methyl-2-oxobutanoate hydroxymethyltransferase,EC-2.1.2.11,,,,,,,,,,
3-octaprenyl-4-hydroxybenzoate decarboxylase,EC-4.1.1.98,,,,,,,,,,
3-oxoacyl-[acyl-carrier-protein] reductase FabG,EC-2.3.1.86 // EC-2.3.1.85 // EC-1.1.1.100,,,,,,,,,,
3-sulfolactaldehyde reductase,EC-1.1.1.373 // EC-1.1.1.61,,,,,,,,,,
4-(cytidine 5'-diphospho)-2-<i>C</i>-methyl-D-erythritol kinase,EC-2.7.1.148,,,,,,,,,,
"aminodeoxychorismate synthase subunit 1"" // ""aminodeoxychorismate synthase subunit 2",EC-2.6.1.85,,,,,,,,,,
4-aminobutyrate aminotransferase GabT,EC-2.6.1.19 // EC-2.6.1.11,,,,,,,,,,
4-diphosphocytidyl-2C-methyl-D-erythritol synthase,EC-2.7.7.60,,,,,,,,,,
4-hydroxy-tetrahydrodipicolinate reductase,EC-1.17.1.8,,,,,,,,,,
4-hydroxy-tetrahydrodipicolinate synthase,EC-4.3.3.7,,,,,,,,,,
4-hydroxythreonine-4-phosphate dehydrogenase,,,,,,,,,,,
5'-methylthioadenosine/<i>S</i>-adenosylhomocysteine nucleosidase,EC-3.2.2.9 // EC-3.2.2.16,,,,,,,,,,
"5,10-methylenetetrahydrofolate reductase",EC-1.5.1.20,,,,,,,,,,
5-(carboxyamino)imidazole ribonucleotide synthase,EC-6.3.4.18,,,,,,,,,,
5-carboxymethylaminomethyluridine-tRNA syntase subunit MnmG,,,,,,,,,,,
5-carboxymethylaminomethyluridine-tRNA synthase GTPase subunit,,,,,,,,,,,
"5-carboxymethylaminomethyluridine-tRNA synthase GTPase subunit"" // ""5-carboxymethylaminomethyluridine-tRNA syntase subunit MnmG",,,,,,,,,,,
5-dehydro-4-deoxy-<small>D</small>-glucuronate isomerase,EC-5.3.1.17,,,,,,,,,,
5-oxoprolinase,EC-3.5.2.9,,,,,,,,,,
"5-phospho-&alpha;-D-ribosyl 1,2-cyclic phosphate phosphodiesterase",EC-3.1.4.55,,,,,,,,,,
50S ribosomal protein complex L8,,,,,,,,,,,
50S ribosomal subunit protein L7/L12 dimer,,,,,,,,,,,
"6,7-dimethyl-8-ribityllumazine synthase",EC-2.5.1.78,,,,,,,,,,
"6-carboxy-5,6,7,8-tetrahydropterin synthase",EC-4.1.2.50,,,,,,,,,,
6-phosphofructokinase I,EC-2.7.1 // EC-2.7.1.11,,,,,,,,,,
6-phosphofructokinase II,EC-2.7.1.11 // EC-2.7.1.144,,,,,,,,,,
"6-phosphogluconate dehydrogenase, decarboxylating",EC-1.1.1.44,,,,,,,,,,
7-&alpha;-hydroxysteroid dehydrogenase,EC-1.1.1.159,,,,,,,,,,
7-cyano-7-deazaguanine reductase,EC-1.7.1.13,,,,,,,,,,
8-amino-7-oxononanoate synthase,EC-2.3.1.47,,,,,,,,,,
a 3-methyl-2-oxobutanoate dehydrogenase,,,,,,,,,,,
a branched-chain 2-keto acid dehydrogenase,,,,,,,,,,,
a citrate lyase,,,,,,,,,,,
a cysteine desulfurylase,,,,,,,,,,,
a dinitrogen reductase,,,,,,,,,,,
a DsrC sulfur carrier protein,,,,,,,,,,,
a DsrEFH complex,,,,,,,,,,,
A Eukaryotic Nitrate Reductase,,,,,,,,,,,
a factor X,,,,,,,,,,,
a factor Xa,,,,,,,,,,,
a factor XI,,,,,,,,,,,
a factor XIa,,,,,,,,,,,
a ferrihemoglobin,,,,,,,,,,,
a ferrohemoglobin,,,,,,,,,,,
a glutamine synthetase,,,,,,,,,,,
a hemoglobin,,,,,,,,,,,
a <i>holo</i> [citrate lyase acyl-carrier protein],,,,,,,,,,,
a <i>holo</i>-[carbon monoxide dehydrogenase],,,,,,,,,,,
a <i>holo</i>-[methylmalonyl-CoA:pyruvate carboxytransferase],,,,,,,,,,,
a hydrogenase,,,,,,,,,,,
a hydrogenase 3,,,,,,,,,,,
a lactyl-CoA dehydratase,,,,,,,,,,,
a malonate decarboxylase (thiol form),,,,,,,,,,,
A modified Ribulose Bisphosphate Carboxylase/Oxygenase,,,,,,,,,,,
a NifDK protein complex,,,,,,,,,,,
a NifDK protein containing an M-cluster,,,,,,,,,,,
a NifEN protein complex,,,,,,,,,,,
a NifEN protein complex containing an L-cluster,,,,,,,,,,,
a NifEN protein complex containing an M-cluster,,,,,,,,,,,
a nitrate reductase,,,,,,,,,,,
a nitrogenase complex,,,,,,,,,,,
a nitrogenase reductase,,,,,,,,,,,
a phosphatase-2A,,,,,,,,,,,
a phosphorylase a,,,,,,,,,,,
a phosphorylase b,,,,,,,,,,,
a phosphorylated branched-chain 2-keto acid dehydrogenase,,,,,,,,,,,
a phosphorylated isocitrate dehydrogenase,,,,,,,,,,,
a phosphorylated-3-methyl-2-oxobutanoate dehydrogenase,,,,,,,,,,,
a plasmin,,,,,,,,,,,
a procollagen,,,,,,,,,,,
A Prokaryotic Assimilatory Nitrate Reductase,,,,,,,,,,,
A Prokaryotic Periplasmic Nitrate Reductase,,,,,,,,,,,
A Prokaryotic Respiratory Nitrate Reductase,,,,,,,,,,,
a pyruvate formate-lyase,,,,,,,,,,,
"a pyruvate,water dikinase",,,,,,,,,,,
a reduced electron-transferring flavoprotein,,,,,,,,,,,
a reduced hydrogenase 3,,,,,,,,,,,
a reduced nitrogenase,,,,,,,,,,,
a reduced nitrogenase-reductase,,,,,,,,,,,
a ribonucleoside triphosphate reductase,,,,,,,,,,,
a Ribulose Bisphosphate Carboxylase/Oxygenase,,,,,,,,,,,
a SoxZY protein,,,,,,,,,,,
a thyroglobulin,,,,,,,,,,,
a xanthine dehydrogenase,,,,,,,,,,,
a xanthine oxidase,,,,,,,,,,,
a [chaperone-ADP]-[disordered-form scaffold protein] complex,,,,,,,,,,,
a [chaperone-ATP]-[co-chaperone]-[scaffold protein-(2Fe-2S)] complex,,,,,,,,,,,
a [citrate-lyase],,,,,,,,,,,
a [co-chaperone]-[scaffold protein-(2Fe-2S)] complex,,,,,,,,,,,
a [cysteine desulfurase]-(<i>S</i>-sulfanyl)<sub>2</sub>-[disordered-form scaffold protein] complex,,,,,,,,,,,
a [cysteine desulfurase]-<i>S</i>-sulfanyl-[disordered-form scaffold protein] complex,,,,,,,,,,,
a [cysteine desulfurase]-[scaffold protein-(2Fe-2S)] complex,,,,,,,,,,,
a [glycogenin],,,,,,,,,,,
a [<i>holo</i>-acyl-carrier-protein] synthase,,,,,,,,,,,
a [NiFe] hydrogenase,,,,,,,,,,,
acetate / glycolate : cation symporter,,,,,,,,,,,
"&beta; complex"" // ""&alpha; complex",EC-2.8.3.9,,,,,,,,,,
"acetolactate synthase II subunit IlvG, N-terminal fragment (pseudogene)"" // ""acetolactate synthase II subunit IlvM",EC-2.2.1.6,,,,,,,,,,
"acetohydroxy acid synthase I subunit IlvB"" // ""acetohydroxy acid synthase I subunit IlvN",EC-2.2.1.6,,,,,,,,,,
"acetolactate synthase / acetohydroxybutanoate synthase, catalytic subunit"" // ""acetolactate synthase / acetohydroxybutanoate synthase, regulatory subunit",EC-2.2.1.6,,,,,,,,,,
acetyl-CoA acetyltransferase,EC-2.3.1.9,,,,,,,,,,
acetyl-CoA carboxylase complex,""" // EC-6.3.4.14 // EC-2.1.3
""acetyl-CoA carboxyltransferase subunit &alpha;"" // ""acetyl-CoA carboxyltransferase subunit &beta;",EC-2.1.3,,,,,,,,,
acetyl-CoA:oxalate CoA-transferase,EC-2.8.3.19,,,,,,,,,,
acetylesterase,EC-3.1.1.6,,,,,,,,,,
acetylglutamate kinase,EC-2.7.2.8,,,,,,,,,,
acetylornithine deacetylase,EC-3.5.1.16,,,,,,,,,,
acid phosphatase / phosphotransferase,EC-3.1.3.2 // EC-3.1.3.31 // EC-3.1.3.5 // EC-3.1.3.91 // EC-3.1.3.99 // EC-3.1.3.6 // EC-3.1.3.89 // EC-3.1.3.35 // EC-3.1.3.34 // EC-3.1.3 // EC-3.1.3.3,,,,,,,,,,
aconitate hydratase A,,,,,,,,,,,
acrylyl-CoA reductase,EC-1.3.1.84,,,,,,,,,,
activated pyruvate-formate lyase,EC-2.3.1.54 // EC-2.3.1,,,,,,,,,,
acyl-CoA thioesterase II,EC-3.1.2.20,,,,,,,,,,
adenine deaminase,EC-3.5.4.2 // EC-1.11.1.6 // EC-1.11.1.21,,,,,,,,,,
adenine phosphoribosyltransferase,EC-2.4.2.7,,,,,,,,,,
adenosylmethionine-8-amino-7-oxononanoate aminotransferase,EC-2.6.1.62,,,,,,,,,,
adenylosuccinate lyase,EC-4.3.2.2,,,,,,,,,,
adenylosuccinate synthetase,EC-6.3.4.4,,,,,,,,,,
adenylyl-sulfate kinase,EC-2.7.1.25,,,,,,,,,,
ADP-L-glycero-D-mannoheptose 6-epimerase,EC-5.1.3.20,,,,,,,,,,
ADP-sugar diphosphatase NudE,EC-3.6.1.21,,,,,,,,,,
ADP-sugar pyrophosphatase,EC-3.6.1.53 // EC-3.6.1.13 // EC-3.6.1.21,,,,,,,,,,
aerobic fatty acid oxidation complex,EC-2.3.1.16 // EC-1.1.1.35 // EC-1.1.1.211 // EC-4.2.1.17 // EC-5.3.3.8 // EC-5.1.2.3,,,,,,,,,,
aerobic glycerol 3-phosphate dehydrogenase,EC-1.1.5.3,,,,,,,,,,
agmatinase,EC-3.5.3.11,,,,,,,,,,
"alanine racemase 1, PLP-binding, biosynthetic",EC-5.1.1.1,,,,,,,,,,
alanine racemase 2,EC-5.1.1.1,,,,,,,,,,
alanine&mdash;tRNA ligase/DNA-binding transcriptional repressor,EC-6.1.1.7,,,,,,,,,,
"aldehyde dehydrogenase, Fe-S subunit"" // ""aldehyde dehydrogenase, FAD-binding subunit"" // ""aldehyde dehydrogenase: molybdenum cofactor-binding subunit",EC-1.2.99.6,,,,,,,,,,
"aldehyde dehydrogenase A, NAD-linked",EC-1.2.1.22 // EC-1.2.1.21,,,,,,,,,,
aldehyde dehydrogenase B,EC-1.2.1.4,,,,,,,,,,
aldehyde-alcohol dehydrogenase,EC-1.1.1.1 // EC-1.2.1.10,,,,,,,,,,
aliphatic sulfonate ABC transporter,EC-3.6.3,,,,,,,,,,
alkaline phosphatase,EC-3.1.3.1 // EC-3.1.3.75 // EC-3.1.3 // EC-3.1.3.41 // EC-3.1.3.74 // EC-3.1.3.99 // EC-3.1.3.5 // EC-3.1.3.6 // EC-3.1.3.89 // EC-3.1.3.91 // EC-3.1.3.60 // EC-3.1.3.15 // EC-3.1.3.102 // EC-3.1.3.2 // EC-3.1.3.11 // EC-3.1.3.20 // EC-3.1.3.19 // EC-3.1.3.3 // EC-3.6.1.25 // EC-3.6.1.1 // EC-3.1.3.58 // EC-3.1.3.9 // EC-3.1.3.23 // EC-3.1.3.22 // EC-3.1.3.50 // EC-3.1.3.10 // EC-3.1.3.38 // EC-3.1.3.18 // EC-3.1.3.68 // EC-3.9.1.1,,,,,,,,,,
alkyl hydroperoxide reductase,EC-1.8.1,,,,,,,,,,
<i>all-trans</i>-octaprenyl-diphosphate synthase,EC-2.5.1.90,,,,,,,,,,
allantoate amidohydrolase,EC-3.5.3.9,,,,,,,,,,
allantoinase,EC-3.5.2.5,,,,,,,,,,
allose-6-phosphate isomerase / ribose-5-phosphate isomerase B,EC-5.3.1 // EC-5.3.1.6,,,,,,,,,,
&alpha; complex,EC-2.8.3.9,,,,,,,,,,
&alpha;-D-xyloside xylohydrolase,EC-3.2.1.177,,,,,,,,,,
&alpha;-dehydro-&beta;-deoxy-<i>D</i>-glucarate aldolase,EC-4.1.2.20,,,,,,,,,,
&alpha;-galactosidase,EC-3.2.1.22,,,,,,,,,,
amidophosphoribosyltransferase,EC-2.4.2.14,,,,,,,,,,
amino acid racemase,EC-5.1.1,,,,,,,,,,
aminodeoxychorismate lyase,EC-4.1.3.38,,,,,,,,,,
aminopeptidase A/I and DNA-binding transcriptional repressor,EC-3.4.11.9 // EC-3.4.11.1 // EC-3.4.13.18,,,,,,,,,,
aminopeptidase B,EC-3.4.11.23 // EC-3.4.13.18,,,,,,,,,,
ammonia / ammonium transporter,,,,,,,,,,,
AMP nucleosidase,EC-3.2.2.4,,,,,,,,,,
an acetyl-CoA carboxylase,,,,,,,,,,,
an acetyl-<i>holo</i> [citrate lyase acyl-carrier protein],,,,,,,,,,,
an active ribonucleoside triphosphate reductase,,,,,,,,,,,
an <i>apo</i> [citrate-lyase acyl-carrier protein],,,,,,,,,,,
an <i>apo</i>-[carbon monoxide dehydrogenase],,,,,,,,,,,
an <i>apo</i>-[methylmalonyl-CoA:pyruvate carboxytransferase],,,,,,,,,,,
an inactive ribonucleoside triphosphate reductase,,,,,,,,,,,
an isocitrate dehydrogenase,,,,,,,,,,,
an oxidized hydrogenase 3,,,,,,,,,,,
an oxidized nitrogenase,,,,,,,,,,,
an oxidized nitrogenase-reductase,,,,,,,,,,,
an RNA polymerase,,,,,,,,,,,
an <i>S</i>-sulfanyl-[cysteine desulfurase]-<i>S</i>-sulfanyl-[disordered-form scaffold protein] complex,,,,,,,,,,,
an <i>S</i>-sulfanyl-[cysteine desulfurase]-[disordered-form scaffold protein] complex,,,,,,,,,,,
an [acetyl-CoA carboxylase] phosphate,,,,,,,,,,,
anaerobic fatty acid &beta;-oxidation complex,EC-1.1.1.35 // EC-1.1.1.211 // EC-4.2.1.17 // EC-5.1.2.3 // EC-5.3.3.8 // EC-2.3.1.16,,,,,,,,,,
anaerobic glycerol-3-phosphate dehydrogenase,EC-1.1.5.3,,,,,,,,,,
anaerobic nucleoside-triphosphate reductase activating system,EC-1.97.1 // EC-1.1.98.6,,,,,,,,,,
anaerobic ribonucleoside-triphosphate reductase,EC-1.1.98.6,,,,,,,,,,
anaerobic ribonucleoside-triphosphate reductase activating protein,EC-1.97.1,,,,,,,,,,
"anthranilate synthase subunit TrpE"" // ""anthranilate synthase subunit TrpD",EC-2.4.2.18 // EC-4.1.3.27,,,,,,,,,,
anti-sigma factor stabilizing protein RseB,,,,,,,,,,,
antitoxin/DNA-binding transcriptional repressor YefM,,,,,,,,,,,
arabinose ABC transporter,EC-3.6.3,,,,,,,,,,
AraC DNA-binding transcriptional dual regulator,,,,,,,,,,,
"arginine decarboxylase, biosynthetic",EC-4.1.1.19,,,,,,,,,,
"arginine decarboxylase, degradative",EC-4.1.1.19,,,,,,,,,,
arginine:agmatine antiporter,,,,,,,,,,,
argininosuccinate synthetase,EC-6.3.4.5,,,,,,,,,,
aromatic carboxylic acid efflux pump,,,,,,,,,,,
arsenite/antimonite:H<sup>+</sup> antiporter,,,,,,,,,,,
arylamine <i>N</i>-acetyltransferase,EC-2.3.1.5 // EC-2.3.1.118,,,,,,,,,,
asparaginase II,EC-3.5.1.38 // EC-3.5.1.1,,,,,,,,,,
asparagine synthetase A,EC-6.3.1.1,,,,,,,,,,
asparagine synthetase B,EC-6.3.5.4 // EC-6.3.1.1 // EC-3.5.1.38 // EC-3.5.1.2,,,,,,,,,,
asparagine&mdash;tRNA ligase,EC-6.1.1.22,,,,,,,,,,
aspartate 1-decarboxylase,EC-4.1.1.11,,,,,,,,,,
aspartate aminotransferase,EC-2.6.1.1 // EC-2.6.1.57 // EC-2.6.1.5 // EC-2.6.1.7 // EC-2.6.1.3,,,,,,,,,,
aspartate ammonia-lyase,EC-4.3.1.1,,,,,,,,,,
"aspartate carbamoyltransferase catalytic subunit"" // ""aspartate carbamoyltransferase, regulatory subunit",EC-2.1.3.2,,,,,,,,,,
aspartate carbamoyltransferase catalytic subunit,EC-2.1.3.2,,,,,,,,,,
"aspartate carbamoyltransferase, regulatory subunit",EC-2.1.3.2,,,,,,,,,,
aspartate kinase III,EC-2.7.2.4,,,,,,,,,,
aspartate&mdash;tRNA ligase,EC-6.1.1.12,,,,,,,,,,
aspartate-semialdehyde dehydrogenase,EC-1.2.1.11,,,,,,,,,,
assimilatory sulfite reductase (NADPH),EC-1.8.1.2 // EC-1.5.1.30,,,,,,,,,,
ATP dependent structure specific DNA nuclease,EC-3.1.11,,,,,,,,,,
ATP phosphoribosyltransferase,EC-2.4.2.17,,,,,,,,,,
"ATP synthase F<sub>o</sub> complex"" // ""ATP synthase F<sub>1</sub> complex",EC-3.6.3.14,,,,,,,,,,
ATP synthase F<sub>1</sub> complex,EC-3.6.3.14,,,,,,,,,,
ATP synthase F<sub>1</sub> complex subunit &alpha;,EC-3.6.3.14,,,,,,,,,,
ATP synthase F<sub>1</sub> complex subunit &beta;,EC-3.6.3.14,,,,,,,,,,
ATP synthase F<sub>o</sub> complex,EC-3.6.3.14,,,,,,,,,,
ATP synthase F<sub>o</sub> complex - subunit b,EC-3.6.3.14,,,,,,,,,,
ATP synthase F<sub>o</sub> complex - subunit c,EC-3.6.3.14,,,,,,,,,,
ATP-dependent DNA helicase Rep,,,,,,,,,,,
ATP-dependent Lipid A-core flippase,EC-3.6.3 // EC-3.6.3.39,,,,,,,,,,
ATP-independent periplasmic chaperone,,,,,,,,,,,
"Autoinducer-2 ABC transporter periplasmic binding protein"" // ""Autoinducer-2 ABC transporter membrane subunit LsrD"" // ""Autoinducer-2 ABC transporter membrane subunit LsrC"" // ""Autoinducer-2 ABC transporter ATP binding subunit",EC-3.6.3,,,,,,,,,,
bacterial condensin MukBEF,,,,,,,,,,,
bacterioferritin,EC-1.16.3.1,,,,,,,,,,
&beta; complex,EC-2.8.3.9,,,,,,,,,,
&beta;-glucuronidase,EC-3.2.1.31,,,,,,,,,,
&beta;-galactosidase,EC-3.2.1.108 // EC-3.2.1.23 // EC-5.4.1 // EC-3.2.1,,,,,,,,,,
&beta;-glucoside specific PTS enzyme II,EC-2.7.1.199,,,,,,,,,,
&beta;-glucoside specific PTS enzyme II - cys24 phosphorylated,EC-2.7.1.199,,,,,,,,,,
&beta;-glucoside specific PTS enzyme II / BglG kinase / BglG phosphatase,EC-2.7.1.199,,,,,,,,,,
&beta;-hydroxyacyl-acyl carrier protein dehydratase/isomerase,EC-2.3.1.86 // EC-2.3.1.85 // EC-4.2.1.59 // EC-5.3.3.14,,,,,,,,,,
&beta;-ketoacyl-[acyl carrier protein] synthase I,EC-2.3.1.179 // EC-2.3.1.41 // EC-2.3.1.85 // EC-2.3.1.86 // EC-2.3.1,,,,,,,,,,
&beta;-ketoacyl-[acyl carrier protein] synthase II,EC-2.3.1.179 // EC-2.3.1.41 // EC-2.3.1.85 // EC-2.3.1.86,,,,,,,,,,
&beta;-ketoacyl-[acyl carrier protein] synthase III,EC-2.3.1.180 // EC-2.3.1.86 // EC-2.3.1.85 // EC-2.3.1.38,,,,,,,,,,
betaine aldehyde dehydrogenase,EC-1.2.1.8,,,,,,,,,,
BglG - his101 phosphorylated,,,,,,,,,,,
BglG - his208 phosphorylated,,,,,,,,,,,
bifunctional 3-demethylubiquinone-<i>8</i> 3-<i>O</i>-methyltransferase and 2-octaprenyl-6-hydroxyphenol methylase,EC-2.1.1.222 // EC-2.1.1.64,,,,,,,,,,
"bifunctional 5,10-methylene-tetrahydrofolate dehydrogenase/ 5,10-methylene-tetrahydrofolate cyclohydrolase",EC-3.5.4.9 // EC-1.5.1.5,,,,,,,,,,
bifunctional aconitate hydratase B and 2-methylisocitrate dehydratase,EC-4.2.1.99,,,,,,,,,,
bifunctional sensory histidine kinase PhoQ,,,,,,,,,,,
biotin carboxyl carrier protein (dimer),,,,,,,,,,,
biotin carboxylase,EC-6.3.4.14,,,,,,,,,,
biotin synthase,EC-2.8.1.6,,,,,,,,,,
branched chain amino acid / phenylalanine ABC transporter,EC-3.6.3.22,,,,,,,,,,
branched-chain-amino-acid aminotransferase,EC-2.6.1.57 // EC-2.6.1.42 // EC-2.6.1.6,,,,,,,,,,
c-di-GMP-binding biofilm dispersal mediator protein,,,,,,,,,,,
"carbamoyl phosphate synthetase subunit &beta;"" // ""carbamoyl phosphate synthetase subunit &alpha;",EC-6.3.5.5 // EC-3.5.1.38 // EC-3.5.1.2 // EC-6.3.4.16,,,,,,,,,,
carbon storage regulator,,,,,,,,,,,
carbon-phosphorus lyase core complex,EC-2.7.8.37 // EC-4.7.1.1,,,,,,,,,,
carbonic anhydrase 1,EC-4.2.1.1,,,,,,,,,,
carbonic anhydrase 2,EC-4.2.1.1,,,,,,,,,,
carboxy-<i>S</i>-adenosyl-L-methionine synthase,,,,,,,,,,,
carboxylate-amine ligase,,,,,,,,,,,
carboxylesterase,EC-3.1.1.1,,,,,,,,,,
carnitine monooxygenase,EC-1.14.13,,,,,,,,,,
Cas1-Cas2 complex,,,,,,,,,,,
Cas2 dimer,,,,,,,,,,,
catabolic threonine dehydratase,EC-4.3.1.17 // EC-4.3.1.19,,,,,,,,,,
catalase II,EC-1.11.1.6 // EC-1.11.1.21,,,,,,,,,,
cell division factor ZapB,,,,,,,,,,,
cell division factor ZapD,,,,,,,,,,,
cell division protein ZapA,,,,,,,,,,,
cellulose synthase,EC-2.4.1.12,,,,,,,,,,
chaperone protein DnaJ,,,,,,,,,,,
|Che-Acplx|,,,,,,,,,,,
chemotaxis protein CheA(L),,,,,,,,,,,
chemotaxis protein CheZ,,,,,,,,,,,
chemotaxis signaling complex - aspartate sensing,,,,,,,,,,,
chemotaxis signaling complex - dipeptide sensing,,,,,,,,,,,
chemotaxis signaling complex - ribose/galactose/glucose sensing,,,,,,,,,,,
chemotaxis signaling complex - serine sensing,,,,,,,,,,,
chloride:H<sup>+</sup> antiporter ClcA,,,,,,,,,,,
chorismate synthase,EC-4.2.3.5,,,,,,,,,,
ChpB-ChpS complex,""" // EC-3.1.27
""chromate reductase",EC-1.6.5.2 // EC-1.6.5.9,,,,,,,,,
chromosome partitioning protein MukB,,,,,,,,,,,
"citramalate lyase, active",,,,,,,,,,,
"citramalate lyase, inactive",,,,,,,,,,,
citrate lyase,EC-4.1.3.6 // EC-2.8.3.10 // EC-4.1.3.34,,,,,,,,,,
citrate lyase [acyl carrier protein] component,EC-4.1.3.6 // EC-2.8.3.10 // EC-4.1.3.34,,,,,,,,,,
"citrate lyase, citrate-acyl carrier protein transferase component",EC-4.1.3.6 // EC-2.8.3.10 // EC-4.1.3.34,,,,,,,,,,
"citrate lyase, citryl-acyl carrrier protein lyase component",EC-4.1.3.6 // EC-2.8.3.10 // EC-4.1.3.34,,,,,,,,,,
"citrate lyase, inactive",EC-4.1.3.6 // EC-2.8.3.10 // EC-4.1.3.34,,,,,,,,,,
citrate synthase,EC-2.3.3.16 // EC-2.3.3.1,,,,,,,,,,
ClpA ATP-dependent protease specificity component and chaperone,EC-3.4.21.92,,,,,,,,,,
ClpAP,EC-3.4.21.92,,,,,,,,,,
ClpAXP,EC-3.4.21.92,,,,,,,,,,
ClpB chaperone,,,,,,,,,,,
ClpP serine protease,EC-3.4.21.92,,,,,,,,,,
ClpX ATP-dependent protease specificity component and chaperone,EC-3.4.21.92,,,,,,,,,,
ClpXP,EC-3.4.21.92,,,,,,,,,,
ClpXP protease specificity-enhancing factor,,,,,,,,,,,
cobinamide-P guanylyltransferase / cobinamide kinase,EC-2.7.7.62 // EC-2.7.1.156,,,,,,,,,,
Colicin E9 translocon,,,,,,,,,,,
conserved DNA-binding protein,,,,,,,,,,,
conserved protein,,,,,,,,,,,
copper binding protein CutA,,,,,,,,,,,
copper-containing amine oxidase,EC-1.4.3.21,,,,,,,,,,
copper/silver export system,,,,,,,,,,,
coproporphyrinogen III oxidase,EC-1.3.3.3,,,,,,,,,,
"CP4-57 prophage; RNase LS, toxin of the RnlAB toxin-antitoxin system",EC-3.1.26,,,,,,,,,,
CP4-6 prophage; putative 2-keto-3-deoxygluconate aldolase,EC-4.1.2.28 // EC-4.1.2.51,,,,,,,,,,
CpxR-P<sup>asp</sup> DNA-binding transcriptional dual regulator,,,,,,,,,,,
CRISPR-associated complex for antiviral defense,,,,,,,,,,,
cryptic phosphonate ABC transporter,EC-3.6.3.28 // EC-3.6.3,,,,,,,,,,
CTP synthase,EC-6.3.4.2 // EC-3.5.1.38 // EC-3.5.1.2,,,,,,,,,,
"curli transport specificity factor"" // ""curli secretion channel",,,,,,,,,,,
curved DNA-binding protein,,,,,,,,,,,
cyanase,EC-4.2.1.104,,,,,,,,,,
cyclic di-GMP phosphodiesterase PdeF,EC-3.1.4.52,,,,,,,,,,
cyclic pyranopterin monophosphate synthase,EC-4.6.1.17,,,,,,,,,,
cyclopropane fatty acyl phospholipid synthase,EC-2.1.1.79,,,,,,,,,,
cystathionine-&beta;-lyase / L-cysteine desulfhydrase,EC-4.4.1.8 // EC-4.4.1.1 // EC-4.4.1.28,,,,,,,,,,
cysteine desulfurase,EC-2.8.1.7,,,,,,,,,,
cysteine sulfinate desulfinase,EC-3.13.1,,,,,,,,,,
cysteine synthase A,EC-2.5.1.47 // EC-4.4.1.1 // EC-4.4.1.28,,,,,,,,,,
cysteine synthase B,EC-2.5.1 // EC-2.5.1.47 // EC-4.4.1.1 // EC-4.4.1.28,,,,,,,,,,
cysteine synthase complex,EC-2.5.1.47 // EC-4.4.1.1 // EC-4.4.1.28 // EC-2.3.1.30,,,,,,,,,,
cystine / cysteine ABC transporter,EC-3.6.3,,,,,,,,,,
cytidine/deoxycytidine deaminase,EC-3.5.4.5,,,,,,,,,,
"cytochrome <i>bd</i>-I ubiquinol oxidase subunit I"" // ""cytochrome <i>bd</i>-I ubiquinol oxidase subunit II"" // ""cytochrome <i>bd</i>-I ubiquinol oxidase subunit CydX",EC-1.10.3.14,,,,,,,,,,
cytochrome <i>bd</i>-II ubiquinol oxidase,EC-1.10.3.14,,,,,,,,,,
cytochrome <i>bo<sub>3</sub></i> ubiquinol oxidase,EC-1.10.3.10,,,,,,,,,,
cytosine/isoguanine deaminase,EC-3.5.4.1,,,,,,,,,,
D-alanine&mdash;D-alanine ligase B,EC-6.3.2.4,,,,,,,,,,
"D-allose ABC transporter ATP binding subunit"" // ""D-allose ABC transporter membrane subunit"" // ""D-allose ABC transporter periplasmic binding protein",EC-3.6.3,,,,,,,,,,
D-amino acid dehydrogenase,EC-1.4.5.1 // EC-1.4.5,,,,,,,,,,
D-aminoacyl-tRNA deacylase,EC-3.1.1.96,,,,,,,,,,
D-arabinose 5-phosphate isomerase GutQ,EC-5.3.1.13,,,,,,,,,,
D-arabinose 5-phosphate isomerase KdsD,EC-5.3.1.13,,,,,,,,,,
D-cysteine desulfhydrase,EC-4.4.1.15 // EC-4.5.1.2,,,,,,,,,,
D-erythrose-4-phosphate dehydrogenase,EC-1.2.1.72,,,,,,,,,,
D-galactose / methyl-&beta;-D-galactoside ABC transporter,,,,,,,,,,,
"D-gluconate kinase, thermostable",EC-2.7.1.12,,,,,,,,,,
D-lactate dehydrogenase - fermentative,EC-1.1.1.28,,,,,,,,,,
D-ribose pyranase,EC-5.4.99.62,,,,,,,,,,
D-sedoheptulose 7-phosphate isomerase,EC-5.3.1.28,,,,,,,,,,
dCMP phosphohydrolase,EC-3.1.3.89 // EC-3.1.3.35,,,,,,,,,,
dCTP deaminase,EC-3.5.4.13,,,,,,,,,,
DcuR-Phosphorylated DNA-binding transcriptional activator,,,,,,,,,,,
degradosome,EC-4.2.1.11 // EC-3.1.13.1 // EC-2.7.7.8 // EC-3.6.4.13 // EC-3.1.26.12 // EC-2.7.4.1,,,,,,,,,,
deoxyuridine triphosphatase,EC-3.6.1.23 // EC-3.6.1.9,,,,,,,,,,
Der GTPase-activating protein YihI,,,,,,,,,,,
dethiobiotin synthetase,EC-6.3.3.3,,,,,,,,,,
dGTP triphosphohydrolase,EC-3.1.5.1,,,,,,,,,,
diacylglycerol kinase,EC-2.7.1.107,,,,,,,,,,
diaminopimelate decarboxylase,EC-4.1.1.20,,,,,,,,,,
diaminopimelate epimerase,EC-5.1.1.7,,,,,,,,,,
diguanylate cyclase DgcM,EC-2.7.7.65,,,,,,,,,,
diguanylate cyclase DgcZ,EC-2.7.7.65,,,,,,,,,,
diguanylate cyclase DosC,EC-2.7.7.65,,,,,,,,,,
dihydrolipoyltranssuccinylase,""" // EC-1.2.4.2 // EC-2.3.1.61 // EC-1.8.1.4
""dihydroneopterin aldolase",EC-4.1.2.25 // EC-5.1.99.8,,,,,,,,,
dihydroneopterin triphosphate 2'-epimerase,EC-5.1.99.7,,,,,,,,,,
dihydroorotase,EC-3.5.2.3,,,,,,,,,,
dihydropteroate synthase,EC-2.5.1.15,,,,,,,,,,
dihydroxy-acid dehydratase,EC-4.2.1.9,,,,,,,,,,
dihydroxyacetone kinase,EC-2.7.1.121,,,,,,,,,,
"dihydroxyacetone kinase, phosphotransferase component/protein-acetyllysine deacetylase",EC-2.7.1.121,,,,,,,,,,
dimer of DNA topoisomerase IV subunit A,,,,,,,,,,,
"dimethyl sulfoxide reductase subunit A"" // ""dimethyl sulfoxide reductase subunit B"" // ""dimethyl sulfoxide reductase subunit C",EC-1.8.5.3,,,,,,,,,,
DinJ-YafQ antitoxin/toxin complex / DNA-binding transcriptional repressor,""" // EC-3.1.26
""dipeptide ABC transporter",EC-3.6.3,,,,,,,,,
disulfide reductase,,,,,,,,,,,
disulfide reductase / organic hydroperoxide reductase,,,,,,,,,,,
dITP/XTP pyrophosphatase,EC-3.6.1.66 // EC-3.6.1.9,,,,,,,,,,
divisome protein complex FtsEX,,,,,,,,,,,
DLP12 prophage; crossover junction endodeoxyribonuclease RusA,,,,,,,,,,,
DLP12 prophage; DNA base-flipping protein,,,,,,,,,,,
DNA gyrase,EC-5.99.1.3,,,,,,,,,,
DNA polymerase III subunit &beta;,,,,,,,,,,,
"DNA polymerase III, core enzyme",""" // EC-3.1.11 // EC-2.7.7.7
""DNA polymerase III, holoenzyme",""" // EC-2.7.7.7 // EC-3.1.11
""DNA polymerase III, preinitiation complex","holA"" // ""holB"" // ""dnaX",TUPLE // EG11412-MONOMER // 1 // TUPLE // EG11500-MONOMER // 1 // TUPLE // EG10245-MONOMER // 3,,,,,,,
"DNA polymerase III, &psi;-&chi; subunit",,,,,,,,,,,
"DNA polymerase III, &tau; subunit dimer",,,,,,,,,,,
DNA polymerase V,EC-2.7.7.7,,,,,,,,,,
DNA replication inhibitor,,,,,,,,,,,
DNA topoisomerase IV,,,,,,,,,,,
DNA-binding transcriptional activator CaiF,,,,,,,,,,,
DNA-binding transcriptional activator/c-di-GMP phosphodiesterase PdeL,EC-3.1.4.52,,,,,,,,,,
DNA-binding transcriptional dual regulator ArgP,,,,,,,,,,,
DNA-binding transcriptional dual regulator ArgR,,,,,,,,,,,
DNA-binding transcriptional dual regulator AsnC,,,,,,,,,,,
DNA-binding transcriptional dual regulator Cra,,,,,,,,,,,
DNA-binding transcriptional dual regulator CRP,,,,,,,,,,,
DNA-binding transcriptional dual regulator CueR-Cu<sup>+</sup>,,,,,,,,,,,
DNA-binding transcriptional dual regulator CysB,,,,,,,,,,,
DNA-binding transcriptional dual regulator DsdC,,,,,,,,,,,
DNA-binding transcriptional dual regulator Fis,,,,,,,,,,,
DNA-binding transcriptional dual regulator FNR,,,,,,,,,,,
DNA-binding transcriptional dual regulator HU,,,,,,,,,,,
DNA-binding transcriptional dual regulator IHF,,,,,,,,,,,
DNA-binding transcriptional dual regulator MetR,,,,,,,,,,,
DNA-binding transcriptional dual regulator ModE,,,,,,,,,,,
DNA-binding transcriptional dual regulator MurR,,,,,,,,,,,
DNA-binding transcriptional dual regulator NtrC,,,,,,,,,,,
DNA-binding transcriptional dual regulator TorR,,,,,,,,,,,
DNA-binding transcriptional repressor ArsR,,,,,,,,,,,
DNA-binding transcriptional repressor CytR,,,,,,,,,,,
DNA-binding transcriptional repressor FrmR,,,,,,,,,,,
DNA-binding transcriptional repressor LexA,,,,,,,,,,,
DNA-binding transcriptional repressor LsrR,,,,,,,,,,,
DNA-binding transcriptional repressor MarR,,,,,,,,,,,
DNA-binding transcriptional repressor MngR,,,,,,,,,,,
DNA-binding transcriptional repressor MprA,,,,,,,,,,,
DNA-binding transcriptional repressor NsrR,,,,,,,,,,,
DNA-binding transcriptional repressor PaaX,,,,,,,,,,,
DNA-binding transcriptional repressor PurR,,,,,,,,,,,
DNA-binding transcriptional repressor TreR,,,,,,,,,,,
DNA-binding transcriptional repressor TrpR,,,,,,,,,,,
DNA-binding transcriptional repressor Zur,,,,,,,,,,,
DNA-binding transcriptional repressor/NMN adenylyltransferase NadR,EC-2.7.7.1 // EC-2.7.1.22,,,,,,,,,,
DnaA initiator-associating factor for replication initiation,,,,,,,,,,,
DosC-DosP complex,EC-2.7.7.65 // EC-3.1.4.52,,,,,,,,,,
Dps complex; stationary phase nucleoid component that sequesters iron and protects DNA from damage,,,,,,,,,,,
DsbG<sub>oxidized</sub>,EC-5.3.4.1,,,,,,,,,,
DsbG<sub>reduced</sub>,EC-5.3.4.1,,,,,,,,,,
dTDP-4-dehydro-6-deoxy-D-glucose transaminase,EC-2.6.1.59,,,,,,,,,,
"dTDP-glucose 4,6-dehydratase 1",EC-4.2.1.46,,,,,,,,,,
dTDP-glucose pyrophosphorylase,EC-2.7.7.24,,,,,,,,,,
dTDP-glucose pyrophosphorylase 2,EC-2.7.7.24,,,,,,,,,,
dTDP-L-rhamnose synthetase complex,EC-1.1.1.133 // EC-5.1.3.13,,,,,,,,,,
DUF892 domain-containing protein YciF,,,,,,,,,,,
<I>Eco</I>KI restriction-modification system,EC-3.1.21.3,,,,,,,,,,
EF-P-lysine lysyltransferase,EC-6.3.2,,,,,,,,,,
"enamine/imine deaminase, redox regulated chaperone",,,,,,,,,,,
energy transducing Ton complex,,,,,,,,,,,
enolase,EC-4.2.1.11,,,,,,,,,,
enoyl-[acyl-carrier-protein] reductase,EC-1.3.1.9,,,,,,,,,,
|Ent-B|,,,,,,,,,,,
Enterobacterial Common Antigen Biosynthesis Protein Complex,,,,,,,,,,,
enterobactin export complex EntS-TolC,,,,,,,,,,,
"<i>holo</i>-EntB dimer"" // ""phosphopantetheinyl transferase EntD"" // ""<i>holo</i> [EntF peptidyl-carrier protein]"" // ""2,3-dihydroxybenzoate-AMP ligase",EC-2.7.7 // EC-6.3.2.14 // EC-2.7.7.58 // EC-2.5.1 // EC-2.7.8.7 // EC-3.3.2.1,,,,,,,,,,
EnvZ complex,,,,,,,,,,,
erythronate-4-phosphate dehydrogenase,EC-1.1.1.290,,,,,,,,,,
ethanol dehydrogenase / alcohol dehydrogenase,EC-1.1.1.1,,,,,,,,,,
"ethanolamine ammonia-lyase subunit &alpha;"" // ""ethanolamine ammonia-lyase subunit &beta;",EC-4.3.1.7,,,,,,,,,,
evolved &beta;-D-galactosidase,,,,,,,,,,,
excision nuclease UvrABC,EC-3.1.25,,,,,,,,,,
exodeoxyribonuclease V,EC-3.6.4.12 // EC-3.1.11.5 // EC-3.1.21.2,,,,,,,,,,
exodeoxyribonuclease VII,EC-3.1.11.6,,,,,,,,,,
exopolyphosphatase,EC-3.6.1.11,,,,,,,,,,
"fatty acid oxidation complex, &alpha; component",EC-1.1.1.35 // EC-1.1.1.211 // EC-4.2.1.17 // EC-5.3.3.8 // EC-5.1.2.3,,,,,,,,,,
"fatty acid oxidation complex, &beta; component",EC-2.3.1.16,,,,,,,,,,
fatty acyl-CoA synthetase,EC-6.2.1.3,,,,,,,,,,
FecAR Signal Transduction System,,,,,,,,,,,
ferric citrate ABC transporter,EC-3.6.3,,,,,,,,,,
ferric citrate outer membrane transport complex,,,,,,,,,,,
ferric coprogen outer membrane transport complex,,,,,,,,,,,
ferric enterobactin ABC transporter,EC-3.6.3,,,,,,,,,,
ferric enterobactin outer membrane transport complex,,,,,,,,,,,
ferrichrome outer membrane transport complex,,,,,,,,,,,
ferritin iron-storage complex,EC-1.16.3.2,,,,,,,,,,
FicT-FicA complex,,,,,,,,,,,
fimbrial complex,,,,,,,,,,,
FKBP-type peptidyl-prolyl <i>cis-trans</i> isomerase FklB,EC-5.2.1.8,,,,,,,,,,
FKBP-type peptidyl-prolyl <i>cis-trans</I> isomerase SlyD,EC-5.2.1.8,,,,,,,,,,
flagellar export apparatus,,,,,,,,,,,
flagellar motor complex,,,,,,,,,,,
flagellar motor switch complex,,,,,,,,,,,
flagellum,,,,,,,,,,,
|Flavorubredoxin|,,,,,,,,,,,
FlhDC DNA-binding transcriptional dual regulator,,,,,,,,,,,
FMN dependent NADH:quinone oxidoreductase,EC-1.6.5 // EC-1.7.1,,,,,,,,,,
FMNH<sub>2</sub>-dependent alkanesulfonate monooxygenase,EC-1.14.14.5,,,,,,,,,,
formaldehyde dehydrogenase,EC-1.1.1.284,,,,,,,,,,
formate channel FocA,,,,,,,,,,,
formate dehydrogenase formation protein,,,,,,,,,,,
"formate dehydrogenase N, subcomplex",EC-1.17.5.3,,,,,,,,,,
"formate dehydrogenase N, subcomplex",EC-1.17.5.3,,,,,,,,,,
formate dehydrogenase O,EC-1.17.5.3,,,,,,,,,,
"formate dehydrogenase H"" // ""hydrogenase 3",EC-1.1.7 // EC-1.17.99.7,,,,,,,,,,
formyl-CoA transferase,EC-2.8.3.16,,,,,,,,,,
formyltetrahydrofolate deformylase,EC-3.5.1.10,,,,,,,,,,
free methionine-(<i>R</i>)-sulfoxide reductase,EC-1.8.4.14,,,,,,,,,,
"fructose 1,6-bisphosphatase YggF",EC-3.1.3.11,,,,,,,,,,
"fructose-1,6-bisphosphatase 1",EC-3.1.3.11,,,,,,,,,,
"fructose-1,6-bisphosphatase 2",EC-3.1.3.11,,,,,,,,,,
fructose-6-phosphate aldolase 1,EC-4.1.2,,,,,,,,,,
fructose-bisphosphate aldolase class I,EC-4.1.2.13,,,,,,,,,,
fructose-bisphosphate aldolase class II,EC-4.1.2.13 // EC-4.1.2,,,,,,,,,,
fructose-specific PTS enzyme II,"EC-2.7.1 // """"",,,,,,,,,,
fructoselysine 3-epimerase,EC-5.1.3.41,,,,,,,,,,
fructoselysine 6-phosphate deglycase,,,,,,,,,,,
FtsH/HflKC protease complex,EC-3.4.24,,,,,,,,,,
FtsLBQ cell division complex,,,,,,,,,,,
fumarase A,EC-4.2.1.2 // EC-5.3.2.2,,,,,,,,,,
fumarase B,EC-4.2.1.2 // EC-4.2.1.81,,,,,,,,,,
fumarase C,EC-4.2.1.2,,,,,,,,,,
"fumarate reductase flavoprotein subunit"" // ""fumarate reductase iron-sulfur protein"" // ""fumarate reductase membrane protein FrdC"" // ""fumarate reductase membrane protein FrdD",EC-1.3.5.4,,,,,,,,,,
Fur-Fe<sup>2+</sup> DNA-binding transcriptional dual regulator,,,,,,,,,,,
fused 4'-phosphopantothenoylcysteine decarboxylase and phosphopantothenoylcysteine synthetase,EC-6.3.2.5 // EC-4.1.1.36,,,,,,,,,,
fused aspartate kinase/homoserine dehydrogenase 1,EC-2.7.2.4 // EC-1.1.1.3,,,,,,,,,,
fused aspartate kinase/homoserine dehydrogenase 2,EC-2.7.2.4 // EC-1.1.1.3,,,,,,,,,,
fused chorismate mutase/prephenate dehydratase,EC-5.4.99.5 // EC-4.2.1.51,,,,,,,,,,
fused chorismate mutase/prephenate dehydrogenase,EC-5.4.99.5 // EC-1.3.1.12,,,,,,,,,,
fused diaminohydroxyphosphoribosylaminopyrimidine deaminase / 5-amino-6-(5-phosphoribosylamino)uracil reductase,EC-3.5.4.26 // EC-1.1.1.193,,,,,,,,,,
fused glutathionylspermidine amidase / glutathionylspermidine synthetase,EC-6.3.1.9 // EC-6.3.1.8 // EC-3.5.1.78,,,,,,,,,,
fused heptose 7-phosphate kinase/heptose 1-phosphate adenyltransferase,EC-2.7.7.70 // EC-2.7.1.167,,,,,,,,,,
fused N-acetylglucosamine-1-phosphate uridyltransferase and glucosamine-1-phosphate acetyltransferase,EC-2.7.7.23 // EC-2.3.1.157,,,,,,,,,,
GadE-RcsB DNA-binding transcriptional activator,,,,,,,,,,,
galactitol-1-phosphate 5-dehydrogenase,EC-1.1.1.251,,,,,,,,,,
galactitol-specific PTS enzyme II,EC-2.7.1.200 // EC-2.7.1.198,,,,,,,,,,
galactofuranose ABC transporter,,,,,,,,,,,
galactosamine-specific PTS enzyme II (cryptic),,,,,,,,,,,
galactose-1-phosphate uridylyltransferase,EC-2.7.7.12,,,,,,,,,,
galactoside <i>O</i>-acetyltransferase,EC-2.3.1.18,,,,,,,,,,
&gamma;-aminobutyraldehyde dehydrogenase,EC-1.2.1.19,,,,,,,,,,
&gamma;-butyrobetainyl-CoA:carnitine CoA transferase,EC-2.8.3.21,,,,,,,,,,
&gamma;-glutamyl-&gamma;-aminobutyrate hydrolase,EC-3.5.1.94,,,,,,,,,,
GDP-fucose synthase,EC-1.1.1.271,,,,,,,,,,
"GDP-mannose 4,6-dehydratase",EC-4.2.1.47,,,,,,,,,,
GDP-mannose hydrolase,,,,,,,,,,,
GDP-mannose mannosyl hydrolase,EC-3.2.1.42,,,,,,,,,,
glucosamine-6-phosphate deaminase,EC-3.5.99.6,,,,,,,,,,
glucose-1-phosphatase,EC-3.1.3.10 // EC-3.1.3.8,,,,,,,,,,
glucose-1-phosphate adenylyltransferase,EC-2.7.7.27,,,,,,,,,,
glucose-6-phosphate isomerase,EC-5.3.1.9,,,,,,,,,,
glucose-specific PTS enzyme II,"EC-2.7.1.199 // EC-2.7.1.201 // EC-2.7.1.192 // """"",,,,,,,,,,
glutamate / aspartate ABC transporter,EC-3.6.3.21,,,,,,,,,,
glutamate 5-kinase,EC-2.7.2.11,,,,,,,,,,
glutamate decarboxylase A,EC-4.1.1.15,,,,,,,,,,
glutamate decarboxylase B,EC-4.1.1.15,,,,,,,,,,
glutamate dehydrogenase,EC-1.4.1.4,,,,,,,,,,
glutamate synthase,EC-1.4.1.13 // EC-3.5.1.38 // EC-3.5.1.2 // EC-1.4.1.4,,,,,,,,,,
glutamate synthase,EC-1.4.1.13 // EC-3.5.1.38 // EC-3.5.1.2 // EC-1.4.1.4,,,,,,,,,,
glutamate&mdash;pyruvate aminotransferase AlaA,EC-2.6.1.2,,,,,,,,,,
glutamate&mdash;pyruvate aminotransferase AlaC,EC-2.6.1.2,,,,,,,,,,
glutamate-1-semialdehyde aminotransferase,EC-5.4.3.8,,,,,,,,,,
glutamate-5-semialdehyde dehydrogenase,EC-1.2.1.41,,,,,,,,,,
glutamate-putrescine ligase,EC-6.3.1.11,,,,,,,,,,
glutaminase 1,EC-3.5.1.38 // EC-3.5.1.2,,,,,,,,,,
glutaminase 2,EC-3.5.1.38 // EC-3.5.1.2,,,,,,,,,,
glutamine synthetase,""" // EC-6.3.1.2
""glutamyl-tRNA reductase",EC-1.2.1.70,,,,,,,,,
glutaredoxin 4,,,,,,,,,,,
glutathione / L-cysteine ABC exporter CydDC,EC-3.6.3,,,,,,,,,,
glutathione ABC transporter,EC-3.6.3,,,,,,,,,,
glutathione hydrolase,EC-3.4.19.13 // EC-2.3.2.2,,,,,,,,,,
glutathione reductase (NADPH),EC-1.8.1.7,,,,,,,,,,
glutathione <i>S</i>-transferase GstA,EC-2.5.1.18,,,,,,,,,,
glutathione synthetase,EC-6.3.2.3,,,,,,,,,,
glutathionyl-hydroquinone reductase YqjG,EC-1.8.5.7,,,,,,,,,,
glyceraldehyde-3-phosphate dehydrogenase A,EC-1.2.1.12,,,,,,,,,,
glycerol facilitator,,,,,,,,,,,
glycerol kinase,EC-2.7.1.30,,,,,,,,,,
"glycerol-3-phosphate dehydrogenase, biosynthetic",EC-1.1.1.94,,,,,,,,,,
"glycerophosphoryl diester phosphodiesterase, periplasmic",EC-3.1.4.46,,,,,,,,,,
glycine betaine ABC transporter,EC-3.6.3.32 // EC-3.6.3,,,,,,,,,,
"glycine betaine ABC transporter, non-osmoregulatory",,,,,,,,,,,
glycine cleavage system,EC-1.4.4.2 // EC-2.1.2.10 // EC-1.8.1.4 // EC-1.2.4.2 // EC-2.3.1.61 // EC-1.2.1 // EC-1.2.4.1 // EC-2.3.1.12,,,,,,,,,,
glycine decarboxylase,EC-1.4.4.2 // EC-2.1.2.10 // EC-1.8.1.4,,,,,,,,,,
glycine&mdash;tRNA ligase,EC-6.1.1.14,,,,,,,,,,
glycogen phosphorylase,EC-2.4.1.1,,,,,,,,,,
glycolate dehydrogenase,EC-1.1.99.14,,,,,,,,,,
glyoxalase I,EC-4.4.1.5,,,,,,,,,,
glyoxylate carboligase,EC-4.1.1.47,,,,,,,,,,
glyoxylate reductase,EC-1.1.1.79 // EC-1.1.1 // EC-1.1.1.215,,,,,,,,,,
GMP reductase,EC-1.7.1.7,,,,,,,,,,
GMP synthetase,EC-6.3.5.2 // EC-3.5.1.38 // EC-3.5.1.2,,,,,,,,,,
GroEL-GroES chaperonin complex,,,,,,,,,,,
Grx4-BolA complex,,,,,,,,,,,
Grx4-IbaG complex,,,,,,,,,,,
GTP cyclohydrolase 1,EC-3.5.4.16,,,,,,,,,,
GTP cyclohydrolase 2,EC-3.5.4.25,,,,,,,,,,
"guanosine-5'-triphosphate,3'-diphosphate phosphatase",EC-3.6.1.40,,,,,,,,,,
guanylate kinase,EC-2.7.4.8 // EC-2.7.4.13 // EC-2.7.4.12,,,,,,,,,,
"heat shock protein, hemimethylated DNA-binding protein",,,,,,,,,,,
heme trafficking system CcmABCDE,EC-3.6.3.41,,,,,,,,,,
heme-containing peroxidase/deferrochelatase,EC-4.99.1.1,,,,,,,,,,
HflK-HflC complex; regulator of FtsH protease,EC-3.4.24,,,,,,,,,,
HigA antoxin of the HigB-HigA toxin-antitoxin system and DNA-binding transcriptional repressor,,,,,,,,,,,
HigB translation-dependent mRNA interferase and toxin of the HigB-HigA toxin-antitoxin system,EC-3.1.26,,,,,,,,,,
HigB-HigA toxin/antitoxin complex and DNA-binding transcriptional repressor,""" // EC-3.1.26
""HipAB toxin/antitoxin complex / DNA-binding transcriptional repressor",""" // EC-2.7.11
""HipB antitoxin / DNA-binding transcriptional repressor",hipB,TUPLE // EG10442-MONOMER // 2,,,,,,,
histidinal/histidinol dehydrogenase,,,,,,,,,,,
histidine ABC transporter,EC-3.6.3.21,,,,,,,,,,
histidine&mdash;tRNA ligase,EC-6.1.1.21,,,,,,,,,,
histidinol-phosphate aminotransferase,EC-2.6.1.9,,,,,,,,,,
<i>holo</i>-EntB dimer,EC-3.3.2.1 // EC-6.3.2.14 // EC-2.7.7.58 // EC-2.5.1,,,,,,,,,,
holo-[acyl-carrier-protein] synthase,EC-2.7.8.7,,,,,,,,,,
holocytochrome <I>c</I> synthetase,""" // EC-3.6.3.41
""homoserine kinase",EC-2.7.1.39 // EC-2.7.1,,,,,,,,,
homoserine <i>O</i>-succinyltransferase,EC-2.3.1.46,,,,,,,,,,
HslU hexamer,EC-3.4.21,,,,,,,,,,
HslV hexamer,EC-3.4.21,,,,,,,,,,
HslVU protease,EC-3.4.21,,,,,,,,,,
hydrogenase 1,EC-1.12.99.6,,,,,,,,,,
"hydrogenase 1, oxygen tolerant hydrogenase",EC-1.12.99.6,,,,,,,,,,
hydrogenase 2,EC-1.12.99.6,,,,,,,,,,
hydrogenase 3,,,,,,,,,,,
hydrogenase 4,,,,,,,,,,,
hydrogenase isozymes nickel incorporation protein HypB,EC-3.6.5.1 // EC-3.6.5.2 // EC-3.6.5.3 // EC-3.6.5.4 // EC-3.6.5.5 // EC-3.6.5.6 // EC-3.6.1.15,,,,,,,,,,
hydroperoxidase I,EC-1.11.1.6 // EC-1.11.1.21,,,,,,,,,,
hydroxyethylthiazole kinase,EC-2.7.1.50,,,,,,,,,,
hydroxyisourate hydrolase / transthyretin-related protein,EC-3.5.2.17,,,,,,,,,,
bifunctional hydroxymethylpyrimidine kinase/phosphomethylpyrimidine kinase,EC-2.7.1.49 // EC-2.7.4.7,,,,,,,,,,
hydroxypyruvate isomerase,EC-5.3.1.22,,,,,,,,,,
HypA-HypB heterodimer,"EC-3.6.5.1 // EC-3.6.5.2 // EC-3.6.5.3 // EC-3.6.5.4 // EC-3.6.5.5 // EC-3.6.5.6 // EC-3.6.1.15 // """"",,,,,,,,,,
HypCD complex involved in hydrogenase maturation,,,,,,,,,,,
hypoxanthine phosphoribosyltransferase,EC-2.4.2.8,,,,,,,,,,
HypT-[Met-oxidized] DNA-binding transcriptional dual regulator,,,,,,,,,,,
HypT-[Met]reduced,,,,,,,,,,,
"imidazole glycerol phosphate synthase subunit HisH"" // ""imidazole glycerol phosphate synthase subunit HisF",EC-4.3.2 // EC-3.5.1.38 // EC-3.5.1.2,,,,,,,,,,
imidazoleglycerol-phosphate dehydratase / histidinol-phosphatase,EC-4.2.1.19 // EC-3.1.3.15,,,,,,,,,,
IMP dehydrogenase,EC-1.1.1.205,,,,,,,,,,
inorganic pyrophosphatase,EC-3.6.1.1 // EC-3.6.1.25,,,,,,,,,,
inosine/guanosine kinase,EC-2.7.1.73,,,,,,,,,,
intermembrane phospholipid transport system,,,,,,,,,,,
intermembrane transport protein PqiB,,,,,,,,,,,
iron(III) hydroxamate ABC transporter,EC-3.6.3,,,,,,,,,,
iron-sulfur cluster insertion protein ErpA,,,,,,,,,,,
iron-sulfur cluster insertion protein IscA,,,,,,,,,,,
iron-sulfur cluster insertion protein NfuA,,,,,,,,,,,
iron-sulfur cluster insertion protein SufA,,,,,,,,,,,
IS2 insertion element repressor InsA,,,,,,,,,,,
isoaspartyl dipeptidase,EC-3.4.19,,,,,,,,,,
isoaspartyl dipeptidase / asparaginase III,EC-3.4.19 // EC-3.5.1.38 // EC-3.5.1.1,,,,,,,,,,
isochorismate synthase MenF,EC-5.4.4.2,,,,,,,,,,
isocitrate dehydrogenase,EC-1.1.1.42,,,,,,,,,,
isocitrate dehydrogenase kinase/phosphatase,EC-2.7.11.5 // EC-3.1.3,,,,,,,,,,
isocitrate dehydrogenase-P,EC-1.1.1.42,,,,,,,,,,
isocitrate lyase,EC-4.1.3.1,,,,,,,,,,
isovaleryl-CoA dehydrogenase and DNA-binding transcriptional repressor,EC-1.3.8.4,,,,,,,,,,
K<sup>+</sup> : H<sup>+</sup> antiporter KefC,,,,,,,,,,,
K<sup>+</sup> transporting P-type ATPase,EC-3.6.3.12,,,,,,,,,,
KdpE-Phosphorylated DNA-binding transcriptional activator,,,,,,,,,,,
ketol-acid reductoisomerase (NADP<sup>+</sup>),EC-1.1.1.86 // EC-1.1.1.169,,,,,,,,,,
KHG/KDPG aldolase,EC-4.1.2.55 // EC-4.1.2.14 // EC-4.1.3.42 // EC-1.1.1.40 // EC-4.1.1.3 // EC-1.1.1.38,,,,,,,,,,
"L(+)-tartrate dehydratase subunit &alpha;"" // ""L(+)-tartrate dehydratase subunit &beta;",EC-4.2.1.32,,,,,,,,,,
"L-1,2-propanediol dehydrogenase / glycerol dehydrogenase",EC-1.1.1.75 // EC-1.1.1.6,,,,,,,,,,
"L-1,2-propanediol oxidoreductase",EC-1.1.1.77,,,,,,,,,,
L-amino acid N-acyltransferase,EC-2.3.1.1,,,,,,,,,,
L-arabinose isomerase,EC-5.3.1.4,,,,,,,,,,
L-arginine ABC transporter,EC-3.6.3.21,,,,,,,,,,
L-ascorbate specific PTS enzyme II,EC-2.7.1.194,,,,,,,,,,
L-ascorbate-6-phosphate lactonase,EC-3.1.1,,,,,,,,,,
L-asparaginase 1,EC-3.5.1.38 // EC-3.5.1.1,,,,,,,,,,
L-carnitine:&gamma;-butyrobetaine antiporter,,,,,,,,,,,
L-cysteine desulfurase,EC-2.8.1.7 // EC-3.13.1 // EC-4.4.1.16,,,,,,,,,,
L-fucose isomerase,EC-5.3.1.25 // EC-5.3.1.3,,,,,,,,,,
L-fucose mutarotase,EC-5.1.3.29,,,,,,,,,,
L-fuculose-phosphate aldolase,EC-4.1.2.17,,,,,,,,,,
L-glutamine ABC transporter,EC-3.6.3.21,,,,,,,,,,
L-glutamine&mdash;D-fructose-6-phosphate aminotransferase,EC-2.6.1.16,,,,,,,,,,
L-methionine/D-methionine ABC transporter,EC-3.6.3,,,,,,,,,,
L-rhamnonate dehydratase,EC-4.2.1.90,,,,,,,,,,
L-rhamnose isomerase,EC-5.3.1.14 // EC-5.1.3,,,,,,,,,,
L-rhamnose mutarotase,EC-5.1.3.32,,,,,,,,,,
L-ribulose-5-phosphate 4-epimerase AraD,EC-5.1.3.4,,,,,,,,,,
L-serine deaminase III,EC-4.3.1.17,,,,,,,,,,
L-valine exporter,,,,,,,,,,,
L-xylulose kinase,EC-2.7.1.53,,,,,,,,,,
large conductance mechanosensitive channel,,,,,,,,,,,
leucine / L-phenylalanine ABC transporter,EC-3.6.3.22,,,,,,,,,,
lipid A disaccharide synthase,EC-2.4.1.182,,,,,,,,,,
lipid hydroperoxide peroxidase,EC-1.11.1.15,,,,,,,,,,
Lipid IV<sub>A</sub> palmitoyltransferase,EC-2.3.1.251,,,,,,,,,,
lipoamide dehydrogenase,EC-1.8.1.4 // EC-1.2.4.2 // EC-2.3.1.61 // EC-1.4.4.2 // EC-2.1.2.10 // EC-1.2.1 // EC-1.2.4.1 // EC-2.3.1.12,,,,,,,,,,
lipopolysaccharide transport system,,,,,,,,,,,
lipopolysaccharide transport system - outer membrane assembly complex,,,,,,,,,,,
lipoprotein NlpI,,,,,,,,,,,
lipoprotein release complex,,,,,,,,,,,
lipoyl synthase,EC-2.8.1.8,,,,,,,,,,
Lon protease,EC-3.4.21.53,,,,,,,,,,
low-specificity L-threonine aldolase,EC-4.1.2 // EC-4.1.2.48 // EC-4.1.2.5 // EC-4.1.2.26 // EC-4.1.2.49,,,,,,,,,,
lysine / arginine / ornithine ABC transporter,EC-3.6.3.21,,,,,,,,,,
lysine decarboxylase 1,EC-4.1.1.18,,,,,,,,,,
lysine decarboxylase 2,EC-4.1.1.18,,,,,,,,,,
lysine&mdash;tRNA ligase/Ap<sub>4</sub>A synthetase/Ap<sub>3</sub>A synthetase,EC-6.1.1.6 // EC-2.7.7,,,,,,,,,,
"lysine&mdash;tRNA ligase, constitutive",EC-6.1.1.6,,,,,,,,,,
macrodomain Ter protein,,,,,,,,,,,
macrolide ABC exporter,,,,,,,,,,,
malate dehydrogenase,EC-1.1.1.37,,,,,,,,,,
malate dehydrogenase,EC-1.1.1.40,,,,,,,,,,
"malate dehydrogenase, NAD-requiring",EC-1.1.1.38 // EC-1.1.1.39,,,,,,,,,,
maltodextrin phosphorylase,EC-2.4.1.1,,,,,,,,,,
maltose ABC transporter,EC-3.6.3.19,,,,,,,,,,
maltose <i>O</i>-acetyltransferase,EC-2.3.1.79,,,,,,,,,,
maltose outer membrane porin / phage lambda receptor protein,,,,,,,,,,,
mannitol-specific PTS enzyme II,EC-2.7.1.197 // EC-2.7.1.198,,,,,,,,,,
mannitol-specific PTS enzyme II CmtBA,EC-2.7.1.197,,,,,,,,,,
mannose-specific PTS enzyme II,EC-2.7.1.191 // EC-2.7.1.199 // EC-2.7.1.193,,,,,,,,,,
mannose-specific PTS enzyme IIAB component,EC-2.7.1.191 // EC-2.7.1.199 // EC-2.7.1.193,,,,,,,,,,
MazE antitoxin of the MazF-MazE toxin-antitoxin system / DNA-binding transcriptional repressor,,,,,,,,,,,
MazE-MazF antitoxin/toxin complex / DNA-binding transcriptional repressor,,,,,,,,,,,
MazF toxin of the MazF-MazE toxin-antitoxin system that exhibits ribonuclease activity,,,,,,,,,,,
McrBC restriction endonuclease,EC-3.1.21,,,,,,,,,,
methionine adenosyltransferase,EC-2.5.1.6,,,,,,,,,,
methionine&mdash;tRNA ligase,EC-6.1.1.10,,,,,,,,,,
methyl-accepting chemotaxis protein - dipeptide-sensing,,,,,,,,,,,
methyl-accepting chemotaxis protein - serine-sensing,,,,,,,,,,,
methyl-accepting chemotaxis protein Tar,,,,,,,,,,,
methyl-accepting chemotaxis protein Trg - ribose/galactose/glucose-sensing,,,,,,,,,,,
methylglyoxal synthase,EC-4.2.3.3,,,,,,,,,,
methylmalonyl-CoA decarboxylase,EC-4.1.1,,,,,,,,,,
methylmalonyl-CoA mutase,EC-5.4.99.2,,,,,,,,,,
methylphosphonate degradation complex,EC-2.7.8.37,,,,,,,,,,
MetJ-S-adenosylmethionine DNA-binding transcriptional repressor,,,,,,,,,,,
miniconductance mechanosensitive channel MscM,,,,,,,,,,,
miniconductance mechanosensitive channel YbdG,,,,,,,,,,,
MntR-Mn<sup>2+</sup> DNA-binding transcriptional dual regulator,,,,,,,,,,,
MoaB protein,,,,,,,,,,,
moderate conductance mechanosensitive channel,,,,,,,,,,,
"molecular chaperone, HSP90 family",,,,,,,,,,,
molybdate ABC transporter,EC-3.6.3.29,,,,,,,,,,
molybdenum cofactor insertion chaperone for PaoABC,,,,,,,,,,,
molybdopterin adenylyltransferase,EC-2.7.7.75,,,,,,,,,,
molybdopterin molybdotransferase,EC-2.10.1.1,,,,,,,,,,
molybdopterin synthase,"EC-2.8.1.12 // """"",,,,,,,,,,
molybdopterin-guanine dinucleotide biosynthesis adaptor protein,,,,,,,,,,,
molybdopterin-synthase adenylyltransferase,EC-2.7.7.80,,,,,,,,,,
monoacetylchitobiose-6-phosphate hydrolase,EC-3.2.1.86,,,,,,,,,,
MqsA-MqsR antitoxin/toxin complex,"EC-3.1.26 // """"",,,,,,,,,,
MtlR-HPr,,,,,,,,,,,
MukEF complex,,,,,,,,,,,
MukF dimer,,,,,,,,,,,
multidrug / betaine / choline efflux pump EmrE,,,,,,,,,,,
multidrug ABC exporter,EC-3.6.3.44,,,,,,,,,,
multidrug efflux pump AcrAB-TolC,,,,,,,,,,,
multidrug efflux pump AcrAD-TolC,,,,,,,,,,,
multidrug efflux pump AcrEF-TolC,,,,,,,,,,,
multidrug efflux pump EmrAB-TolC,,,,,,,,,,,
multidrug efflux pump EmrKY-TolC,,,,,,,,,,,
multidrug efflux pump MdtABC-TolC,,,,,,,,,,,
multidrug efflux pump MdtEF-TolC,,,,,,,,,,,
multidrug/spermidine efflux pump,,,,,,,,,,,
multifunctional acyl-CoA thioesterase I and protease I and lysophospholipase L1,EC-3.1.2.14 // EC-3.1.1.5 // EC-3.1.2.2,,,,,,,,,,
multifunctional nuclease Cas1,,,,,,,,,,,
murein tripeptide ABC transporter,EC-3.6.3.23 // EC-3.6.3,,,,,,,,,,
murein tripeptide amidase A,,,,,,,,,,,
"MutHLS complex, methyl-directed mismatch repair",,,,,,,,,,,
"<I>N,N'</I>-diacetylchitobiose-specific PTS enzyme II",EC-2.7.1.196,,,,,,,,,,
<i>N</i>-acetylneuraminate lyase,EC-4.1.3.3,,,,,,,,,,
<I>N</I>-acetyl-D-galactosamine specific PTS (cryptic),,,,,,,,,,,
N-acetylglucosamine specific PTS enzyme II,EC-2.7.1.193 // EC-2.7.1.191,,,,,,,,,,
<i>N</i>-acetylglucosamine-6-phosphate deacetylase,EC-3.5.1.25,,,,,,,,,,
N-acetylglutamate synthase,EC-2.3.1.1,,,,,,,,,,
<i>N</i>-acetylmuramic acid 6-phosphate etherase,EC-4.2.1.126,,,,,,,,,,
N-acetylmuramic acid-specific PTS enzyme II,EC-2.7.1.199 // EC-2.7.1.201 // EC-2.7.1.192,,,,,,,,,,
<i>N</i>-acetylneuraminate mutarotase,EC-5.1.3.24,,,,,,,,,,
<i>N</i>-acetylornithine aminotransferase / <i>N</i>-succinyldiaminopimelate aminotransferase,EC-2.6.1.11 // EC-2.6.1.17,,,,,,,,,,
<i>N</i>-succinylarginine dihydrolase,EC-3.5.3.23,,,,,,,,,,
<i>N<sup>5</sup></i>-carboxyaminoimidazole ribonucleotide mutase,EC-5.4.99.18,,,,,,,,,,
N<sup>6</sup>-L-threonylcarbamoyladenine synthase,EC-2.3.1.234,,,,,,,,,,
"N<sup>6</sup>-L-threonylcarbamoyladenine synthase, TsaB-TsaD dimer subunit",EC-2.3.1.234,,,,,,,,,,
Na<sup>+</sup>:H<sup>+</sup> antiporter NhaA,,,,,,,,,,,
NAD kinase,EC-2.7.1.23,,,,,,,,,,
"NAD synthetase, NH<sub>3</sub>-dependent",EC-6.3.5.1 // EC-6.3.1.5,,,,,,,,,,
NAD(P)H nitroreductase NfsB,EC-1.7.1 // EC-1.5.1.34,,,,,,,,,,
NAD(P)H:quinone oxidoreductase,EC-1.6.5.2 // EC-1.6.5.9,,,,,,,,,,
NAD<sup>+</sup>-dependent succinate semialdehyde dehydrogenase,EC-1.2.1.24,,,,,,,,,,
NAD-dependent dihydropyrimidine dehydrogenase,EC-1.3.1.1,,,,,,,,,,
subunit of NADH dehydrogenase (quinone),,,,,,,,,,,
NADH pyrophosphatase,EC-3.6.1.22,,,,,,,,,,
NADH:quinone oxidoreductase I,EC-1.6.5.3 // EC-1.6.5,,,,,,,,,,
"NADH:quinone oxidoreductase I, peripheral arm",EC-1.6.5.3 // EC-1.6.5,,,,,,,,,,
NADP<sup>+</sup>-dependent succinate-semialdehyde dehydrogenase,EC-1.2.1.79,,,,,,,,,,
NADPH-dependent aldehyde reductase YqhD,EC-1.1.1.2 // EC-1.1.1 // EC-1.1.1.91,,,,,,,,,,
NADPH-dependent curcumin/dihydrocurcumin reductase,,,,,,,,,,,
NADPH-dependent FMN reductase,EC-1.5.1.38,,,,,,,,,,
NADPH-dependent nitroreductase NfsA,EC-1,,,,,,,,,,
NADPH:quinone oxidoreductase MdaB,EC-1.6.5.10,,,,,,,,,,
negative regulator of MalT activity/cystathionine &beta;-lyase,EC-4.4.1.8 // EC-4.4.1.1 // EC-4.4.1.28,,,,,,,,,,
Ni(2+) ABC transporter,EC-3.6.3.24,,,,,,,,,,
nicotinate-nucleotide&mdash;dimethylbenzimidazole phosphoribosyltransferase,EC-2.4.2.21,,,,,,,,,,
NikR-Ni DNA-binding transcriptional repressor,,,,,,,,,,,
nitrate reductase A,EC-1.7.5.1 // EC-1.97.1,,,,,,,,,,
nitrate reductase Z,EC-1.7.5.1 // EC-1.97.1,,,,,,,,,,
"nitrite reductase subunit NirD"" // ""nitrite reductase catalytic subunit NirB",EC-1.7.1.15,,,,,,,,,,
nitrogen regulator GlnK,,,,,,,,,,,
nitrogen regulatory protein PII-1,,,,,,,,,,,
NMN aminohydrolase,EC-3.5.1.42,,,,,,,,,,
nonspecific DNA-binding protein YbiB,,,,,,,,,,,
|Nr-I|,,,,,,,,,,,
|Nr-II|,,,,,,,,,,,
NtrC-Phosphorylated DNA-binding transcriptional dual regulator,,,,,,,,,,,
nucleoid occlusion factor SlmA,,,,,,,,,,,
nucleoside diphosphate kinase,EC-2.7.4.6,,,,,,,,,,
nucleoside triphosphate pyrophosphatase YhdE,EC-3.6.1.9,,,,,,,,,,
nucleoside triphosphate pyrophosphohydrolase,EC-3.6.1.9 // EC-3.6.1.8 // EC-3.6.1.66 // EC-3.6.1.65 // EC-3.6.1.12 // EC-3.6.1.23,,,,,,,,,,
nucleotide exchange factor GrpE,,,,,,,,,,,
NusB-S10 complex,,,,,,,,,,,
"<i>O</i>-acetyl-ADP-ribose deacetylase, regulator of RNase III activity",,,,,,,,,,,
<i>o</i>-succinylbenzoate&mdash;CoA ligase,EC-6.2.1.26,,,,,,,,,,
<i>O</i>-succinylhomoserine(thiol)-lyase / <i>O</i>-succinylhomoserine lyase,EC-2.5.1.48 // EC-4.3.1,,,,,,,,,,
oligopeptide ABC transporter,EC-3.6.3.23 // EC-3.6.3,,,,,,,,,,
oligoribonuclease,EC-3.1.13.3,,,,,,,,,,
OmpR-Phosphorylated DNA-binding transcriptional dual regulator,,,,,,,,,,,
ornithine carbamoyltransferase,EC-2.1.3.3,,,,,,,,,,
ornithine carbamoyltransferase,EC-2.1.3.3,,,,,,,,,,
"ornithine decarboxylase, biosynthetic",EC-4.1.1.17,,,,,,,,,,
"ornithine decarboxylase, degradative",EC-4.1.1.17,,,,,,,,,,
orotate phosphoribosyltransferase,EC-2.4.2.10,,,,,,,,,,
orotidine-5'-phosphate decarboxylase,EC-4.1.1.23,,,,,,,,,,
osmolyte:H<sup>+</sup> symporter ProP,,,,,,,,,,,
osmotically inducible peroxiredoxin,EC-1.11.1.15,,,,,,,,,,
outer membrane channel TolC,,,,,,,,,,,
outer membrane phospholipase A,EC-3.1.1.4 // EC-3.1.1.32,,,,,,,,,,
outer membrane porin C,,,,,,,,,,,
outer membrane porin F,,,,,,,,,,,
outer membrane porin PhoE,,,,,,,,,,,
Outer Membrane Protein Assembly Complex,,,,,,,,,,,
oxalyl-CoA decarboxylase,EC-4.1.1.8,,,,,,,,,,
oxidized flavorubredoxin,,,,,,,,,,,
oxidized ribonucleoside-triphosphate reductase,EC-1.1.98.6,,,,,,,,,,
oxygen-sensing c-di-GMP phosphodiesterase DosP,EC-3.1.4.52,,,,,,,,,,
<i>p</i>-aminobenzoyl-glutamate hydrolase,EC-3.5.1,,,,,,,,,,
PaaF-PaaG hydratase-isomerase complex,EC-4.2.1.17 // EC-5.3.3.18,,,,,,,,,,
pantetheine-phosphate adenylyltransferase,EC-2.7.7.3,,,,,,,,,,
pantothenate kinase,EC-2.7.1.33,,,,,,,,,,
pantothenate synthetase,EC-6.3.2.1,,,,,,,,,,
<i>para</i>-aminobenzoate synthase multi-enzyme complex,EC-4.1.3.38 // EC-2.6.1.85,,,,,,,,,,
PEP synthetase regulatory protein,,,,,,,,,,,
peptidase D,EC-3.4.13.18,,,,,,,,,,
peptidase T,EC-3.4.11.4,,,,,,,,,,
peptide antibiotic/peptide nucleic acid transporter,,,,,,,,,,,
peptidoglycan DD-endopeptidase/peptidoglycan LD-endopeptidase,EC-3.4,,,,,,,,,,
peptidoglycan glycosyltransferase / peptidoglycan DD-transpeptidase - MrcA-LpoA complex,EC-2.4.1.129 // EC-3.4.16.4,,,,,,,,,,
peptidoglycan glycosyltransferase / peptidoglycan DD-transpeptidase - MrcB-LpoB complex,EC-2.4.1.129 // EC-3.4.16.4,,,,,,,,,,
peptidoglycan glycosyltransferase / peptidoglycan DD-transpeptidase MrcA,EC-2.4.1.129 // EC-3.4.16.4,,,,,,,,,,
peptidoglycan glycosyltransferase / peptidoglycan DD-transpeptidase MrcB,EC-2.4.1.129 // EC-3.4.16.4,,,,,,,,,,
peptidyl-lysine acetyltransferase,,,,,,,,,,,
periplasmic acid stress chaperone,,,,,,,,,,,
periplasmic acid stress chaperone,,,,,,,,,,,
"periplasmic chaperone, inhibitor of vertebrate C-type lysozyme",,,,,,,,,,,
periplasmic nitrate reductase,EC-1.9.6.1,,,,,,,,,,
periplasmic nitrite reductase NrfAB,""" // EC-1.7.2.2
""periplasmic phosphoanhydride phosphatase/multiple inositol-polyphosphate phosphatase",EC-3.6.5.1 // EC-3.6.5.2 // EC-3.6.5.3 // EC-3.6.5.4 // EC-3.6.5.5 // EC-3.6.5.6 // EC-3.6.1.15 // EC-3.1.3.62,,,,,,,,,
periplasmic protein CpxP,,,,,,,,,,,
periplasmic protein ZraP,,,,,,,,,,,
periplasmic protein-L-methionine sulfoxide reducing system,,,,,,,,,,,
periplasmic serine endoprotease,EC-3.4.21,,,,,,,,,,
periplasmic serine endoprotease DegP,EC-3.4.21.107,,,,,,,,,,
PF08943 family protein CsiD,,,,,,,,,,,
phenylacetaldehyde dehydrogenase,EC-1.2.1.39,,,,,,,,,,
"phenylacetyl-CoA 1,2-epoxidase",EC-1.14.13.149,,,,,,,,,,
phenylacetyl-CoA thioesterase,EC-3.1.2,,,,,,,,,,
phenylalanine&mdash;tRNA ligase,EC-6.1.1.20,,,,,,,,,,
phenylhydantoinase,EC-3.5.2,,,,,,,,,,
phosphate ABC transporter,EC-3.6.3.27,,,,,,,,,,
phosphate acetyltransferase,EC-2.3.1.8 // EC-2.3.1.222,,,,,,,,,,
phosphate acetyltransferase EutD,EC-2.3.1.8,,,,,,,,,,
phosphate signaling protein PhoU,,,,,,,,,,,
"phosphatidylserine decarboxylase, heterodimer",EC-4.1.1.65,,,,,,,,,,
"phosphatidylserine decarboxylase, heterodimer",EC-4.1.1.65,,,,,,,,,,
phosphatidylserine synthase,EC-2.7.8.8,,,,,,,,,,
phosphoadenosine phosphosulfate reductase,EC-1.8.4.8,,,,,,,,,,
phosphodiesterase YfcE,,,,,,,,,,,
phosphoenolpyruvate carboxylase,EC-4.1.1.31,,,,,,,,,,
phosphoenolpyruvate synthetase,EC-2.7.9.2,,,,,,,,,,
phosphoglycerate dehydrogenase,EC-1.1.1.95 // EC-1.1.1.399,,,,,,,,,,
phosphoribosylaminoimidazole-succinocarboxamide synthase,EC-6.3.2.6,,,,,,,,,,
phosphoribosylformylglycinamide cyclo-ligase,EC-6.3.3.1,,,,,,,,,,
phosphoserine/phosphohydroxythreonine aminotransferase,EC-2.6.1.52 // EC-2.6.1.17,,,,,,,,,,
poly-<i>N</i>-acetyl-D-glucosamine synthase,EC-2.4.1,,,,,,,,,,
polynucleotide phosphorylase,EC-3.1.13.1 // EC-2.7.7.8,,,,,,,,,,
polyphosphate kinase,EC-2.7.4.1,,,,,,,,,,
polysaccharide export complex,"EC-2.7.10.2 // EC-2.7.12.1 // EC-2.7.10.1 // """"",,,,,,,,,,
porphobilinogen synthase,EC-4.2.1.24,,,,,,,,,,
predicted carbamoyltransferase,,,,,,,,,,,
predicted carboxysome structural protein,,,,,,,,,,,
predicted enamine/imine deaminase,,,,,,,,,,,
predicted oxidoreductase,,,,,,,,,,,
predicted rRNA methyltransferase,,,,,,,,,,,
"predicted structural protein, ethanolamine utilization microcompartment",,,,,,,,,,,
"predicted structural protein, ethanolamine utilization microcompartment",,,,,,,,,,,
"predicted structural protein, ethanolamine utilization microcompartment",,,,,,,,,,,
predicted xanthine dehydrogenase,,,,,,,,,,,
primosomal protein DnaT,,,,,,,,,,,
primosomal replication protein N,,,,,,,,,,,
primosome,"EC-2.7.7 // """"",,,,,,,,,,
proline aminopeptidase P II,EC-3.4.11.9,,,,,,,,,,
proline&mdash;tRNA ligase,EC-6.1.1.15,,,,,,,,,,
proofreading thioesterase in enterobactin biosynthesis,EC-3.1.2,,,,,,,,,,
"protease IV, a signal peptide peptidase",EC-3.4.21,,,,,,,,,,
protein disulfide isomerase/protein disulfide oxidoreductase - DsbC<sub>oxidised</sub>,EC-5.3.4.1,,,,,,,,,,
protein disulfide isomerase/protein disulfide oxidoreductase - DsbC<sub>reduced</sub>,EC-5.3.4.1,,,,,,,,,,
protein HokC,,,,,,,,,,,
protein translocation ATPase,,,,,,,,,,,
protein/nucleic acid deglycase 1,EC-3.5.1.124 // EC-4.2.1.130,,,,,,,,,,
protein/nucleic acid deglycase 3,EC-3.5.1.124 // EC-4.2.1,,,,,,,,,,
protoporphyrinogen oxidase,EC-1.3.3.4 // EC-1.3.5.3,,,,,,,,,,
pseudouridine-5'-phosphate glycosidase,EC-4.2.1.70,,,,,,,,,,
PspF DNA-binding transcriptional dual regulator,,,,,,,,,,,
PTS enzyme I,,,,,,,,,,,
purine nucleoside phosphoramidase,EC-3.9.1,,,,,,,,,,
purine nucleoside phosphorylase,EC-2.4.2.1 // EC-2.4.2.15,,,,,,,,,,
PutA DNA-binding transcriptional repressor / proline dehydrogenase / 1-pyrroline-5-carboxylate dehydrogenase,EC-1.5.5.2 // EC-1.2.1.88,,,,,,,,,,
putative 3-phenylpropionate/cinnamate dioxygenase,EC-1.14.12.19,,,,,,,,,,
putative 4-oxalocrotonate tautomerase (4-OT),,,,,,,,,,,
putative ABC transporter ArtPQMI,"EC-3.6.3.21 // """"",,,,,,,,,,
"putative D,D-dipeptide ABC transporter",,,,,,,,,,,
putative hydrolase,,,,,,,,,,,
putative menaquinol-cytochrome <i>c</i> reductase NrfCD,EC-1.10.2.2,,,,,,,,,,
putative monooxygenase YdhR,,,,,,,,,,,
putative multidrug efflux pump MdtNOP,,,,,,,,,,,
"putative oligopeptide ABC transporter ATP binding subunit"" // ""putative oligopeptide ABC transporter membrane subunit YejB"" // ""putative oligopeptide ABC transporter membrane subunit YejE"" // ""putative oligopeptide ABC transporter periplasmic binding protein",EC-3.6.3.23 // EC-3.6.3,,,,,,,,,,
putative phosphatidylethanolamine synthesis regulator GnsA,,,,,,,,,,,
putative PTS enzyme II FrvAB,,,,,,,,,,,
putative PTS enzyme II FrwCBDPtsA,,,,,,,,,,,
putative PTS enzyme II FryBCA,,,,,,,,,,,
putative PTS enzyme II SgcBCA,,,,,,,,,,,
putative quinol monooxygenase YgiN,,,,,,,,,,,
putative quinone oxidoreductase 1,EC-1.6.5.5,,,,,,,,,,
"putative transport complex, ABC superfamily",,,,,,,,,,,
"putative transport complex, ABC superfamily",,,,,,,,,,,
"putative transport complex, ABC superfamily",,,,,,,,,,,
"putative transport complex, ABC superfamily",,,,,,,,,,,
"putative transport complex, ABC superfamily",""" // EC-2.3.1
""putative transport complex, ABC superfamily",,,,,,,,,,
"putative transport complex, ABC superfamily",,,,,,,,,,,
putative xanthine dehydrogenase,EC-1.17.1.4,,,,,,,,,,
putrescine ABC exporter,EC-3.6.3,,,,,,,,,,
putrescine ABC transporter,EC-3.6.3,,,,,,,,,,
putrescine aminotransferase,EC-2.6.1.29,,,,,,,,,,
"pyridine nucleotide transhydrogenase subunit &beta;"" // ""pyridine nucleotide transhydrogenase subunit &alpha;",EC-1.6.1.5,,,,,,,,,,
pyridoxal kinase 2,EC-2.7.1.35,,,,,,,,,,
pyridoxal kinase I / hydroxymethylpyrimidine kinase,EC-2.7.1.35 // EC-2.7.1.49,,,,,,,,,,
pyridoxal 5-phosphate synthase,EC-1.4.3.5,,,,,,,,,,
pyridoxine 5'-phosphate synthase,EC-2.6.99.2,,,,,,,,,,
pyrimidine-specific ribonucleoside hydrolase RihB,EC-3.2.2.3 // EC-3.2.2.8,,,,,,,,,,
pyrroline-5-carboxylate reductase,EC-1.5.1.2,,,,,,,,,,
pyruvate dehydrogenase,EC-1.2.1 // EC-1.2.4.1 // EC-2.3.1.12 // EC-1.8.1.4,,,,,,,,,,
"pyruvate dehydrogenase"" // ""pyruvate dehydrogenase, E2 subunit"" // ""lipoamide dehydrogenase","EC-1.8.1.4 // EC-1.2.4.2 // EC-2.3.1.61 // EC-1.4.4.2 // EC-2.1.2.10 // EC-1.2.1 // EC-1.2.4.1 // EC-2.3.1.12 // """"",,,,,,,,,,
pyruvate formate-lyase (inactive),EC-2.3.1.54 // EC-2.3.1,,,,,,,,,,
pyruvate kinase I,EC-2.7.1.40,,,,,,,,,,
pyruvate kinase II,EC-2.7.1.40,,,,,,,,,,
pyruvate oxidase,EC-1.2.5.1,,,,,,,,,,
Qin prophage; antitoxin/DNA-binding transcriptional repressor RelB,,,,,,,,,,,
quinolinate phosphoribosyltransferase (decarboxylating),EC-2.4.2.19,,,,,,,,,,
quinolinate synthase,EC-2.5.1.72,,,,,,,,,,
radiation resistance protein YbgI,,,,,,,,,,,
RcsAB DNA-binding transcriptional dual regulator,,,,,,,,,,,
RcsB-BglJ DNA-binding transcriptional activator,,,,,,,,,,,
RcsB-P-phosphate,,,,,,,,,,,
RecFOR complex,,,,,,,,,,,
redox-responsive ATPase YchF,EC-3.6.1.15 // EC-3.6.1.3,,,,,,,,,,
reduced flavorubredoxin,,,,,,,,,,,
"regulator of acid resistance, influenced by indole",,,,,,,,,,,
regulator of CsrB and CsrC decay,,,,,,,,,,,
regulator of KefC-mediated potassium transport and quinone oxidoreductase,EC-1.6.5.2 // EC-1.6.5.9,,,,,,,,,,
regulatory ATPase RavA,EC-3.6.1.15 // EC-3.6.1.3,,,,,,,,,,
RelB-RelE antitoxin/toxin complex / DNA-binding transcriptional repressor,"EC-3.1.26 // """"",,,,,,,,,,
replicative DNA helicase,,,,,,,,,,,
resolvasome,EC-3.1.22.4,,,,,,,,,,
rhamnulose-1-phosphate aldolase,EC-4.1.2.19,,,,,,,,,,
"RhlB, ATP-dependent RNA helicase of the RNA degradosome",EC-3.6.4.13,,,,,,,,,,
riboflavin synthase,EC-2.5.1.9,,,,,,,,,,
ribokinase,EC-2.7.1.15,,,,,,,,,,
ribonuclease BN,EC-3.1.26.11 // EC-3.1.13.1,,,,,,,,,,
ribonuclease E,EC-3.1.26.12,,,,,,,,,,
ribonuclease E inhibitor protein A,,,,,,,,,,,
ribonuclease E inhibitor protein B,,,,,,,,,,,
ribonucleoside-diphosphate reductase 1,EC-1.17.4.1,,,,,,,,,,
"ribonucleoside-diphosphate reductase 1, &alpha; subunit dimer",EC-1.17.4.1,,,,,,,,,,
"ribonucleoside-diphosphate reductase 1, &beta; subunit dimer",EC-1.17.4.1,,,,,,,,,,
ribonucleoside-diphosphate reductase 2,EC-1.17.4.1,,,,,,,,,,
"ribonucleoside-diphosphate reductase 2, &alpha; subunit dimer",EC-1.17.4.1,,,,,,,,,,
"ribonucleoside-diphosphate reductase 2, &beta; subunit dimer",EC-1.17.4.1,,,,,,,,,,
ribose ABC transporter,,,,,,,,,,,
ribose-5-phosphate isomerase A,EC-5.3.1.6,,,,,,,,,,
ribosomal protein S6 modification protein,EC-6.3.2,,,,,,,,,,
ribosomal protein-arginine oxygenase,EC-1.14.11.47,,,,,,,,,,
ribulokinase,EC-2.7.1.16,,,,,,,,,,
RNA polymerase sigma 19,""" // EC-2.7.7.6
""RNA polymerase sigma 24",""" // EC-2.7.7.6
""RNA polymerase sigma 28","rpoA"" // ""rpoC"" // ""rpoB"" // ""fliA",TUPLE // APORNAP-CPLX // 1 // TUPLE // EG10893-MONOMER // 2 // TUPLE // RPOC-MONOMER // 1 // TUPLE // RPOB-MONOMER // 1 // TUPLE // EG11355-MONOMER // 1,"EC-2.7.7.6 // """"",,,,,,
RNA polymerase sigma 32,""" // EC-2.7.7.6
""RNA polymerase sigma 54",""" // EC-2.7.7.6
""RNA polymerase sigma 70","rpoD"" // ""rpoA"" // ""rpoC"" // ""rpoB",TUPLE // RPOD-MONOMER // 1 // TUPLE // APORNAP-CPLX // 1 // TUPLE // EG10893-MONOMER // 2 // TUPLE // RPOC-MONOMER // 1 // TUPLE // RPOB-MONOMER // 1,""" // EC-2.7.7.6
""RNA polymerase sigma S","rpoS"" // ""rpoA"" // ""rpoC"" // ""rpoB",TUPLE // RPOS-MONOMER // 1 // TUPLE // APORNAP-CPLX // 1 // TUPLE // EG10893-MONOMER // 2 // TUPLE // RPOC-MONOMER // 1 // TUPLE // RPOB-MONOMER // 1,""" // EC-2.7.7.6
""RNA polymerase, core enzyme","rpoB"" // ""rpoC"" // ""rpoA",TUPLE // RPOB-MONOMER // 1 // TUPLE // RPOC-MONOMER // 1 // TUPLE // EG10893-MONOMER // 2,EC-2.7.7.6
RNA-binding protein Hfq,,,,,,,,,,,
RNase adaptor protein,,,,,,,,,,,
RNase G,EC-3.1.26.12,,,,,,,,,,
RNase III,EC-3.1.26.3,,,,,,,,,,
RNase T,EC-3.1.13.5 // EC-3.1.13,,,,,,,,,,
RnlA-RnlB toxin-antitoxin complex,"EC-3.1.26 // """"",,,,,,,,,,
"&alpha; cleavage product of SpeD"" // ""&beta; cleavage product of SpeD",EC-4.1.1.50,,,,,,,,,,
<i>S</i>-formylglutathione hydrolase / <i>S</i>-lactoylglutathione hydrolase,EC-3.1.2.12 // EC-3.1.2.6,,,,,,,,,,
S6:S18 ribosomal subunit complex,,,,,,,,,,,
Sec Holo-Translocon,,,,,,,,,,,
Sec translocon accessory complex,,,,,,,,,,,
SecB chaperone,,,,,,,,,,,
SecYEG translocon,,,,,,,,,,,
selenate reductase,EC-1.97.1.9,,,,,,,,,,
"selenide, water dikinase",EC-2.7.9.3,,,,,,,,,,
selenocysteine synthase,EC-2.9.1.1,,,,,,,,,,
sensory histidine kinase ArcB,,,,,,,,,,,
sensory histidine kinase AtoS,,,,,,,,,,,
sensory histidine kinase CreC,,,,,,,,,,,
sensory histidine kinase EnvZ,,,,,,,,,,,
sensory histidine kinase EnvZ - phosphorylated,,,,,,,,,,,
sensory histidine kinase KdpD,,,,,,,,,,,
sensory histidine kinase NarQ,,,,,,,,,,,
sensory histidine kinase NarX,,,,,,,,,,,
sensory histidine kinase NtrB,,,,,,,,,,,
sensory histidine kinase NtrB - phosphorylated,,,,,,,,,,,
sensory histidine kinase PhoR,,,,,,,,,,,
sensory histidine kinase TorS,,,,,,,,,,,
serine acetyltransferase,EC-2.3.1.30,,,,,,,,,,
serine endoprotease,EC-3.4.21,,,,,,,,,,
serine hydroxymethyltransferase,EC-2.1.2.1 // EC-4.1.2 // EC-4.1.2.48 // EC-4.1.2.49,,,,,,,,,,
serine protease inhibitor ecotin,,,,,,,,,,,
serine&mdash;tRNA ligase,EC-6.1.1.11,,,,,,,,,,
shikimate dehydrogenase / quinate dehydrogenase,EC-1.1.1.282 // EC-1.1.1.25,,,,,,,,,,
siroheme synthase,EC-2.1.1.107 // EC-1.3.1.76 // EC-4.99.1.4,,,,,,,,,,
Skp periplasmic chaperone,,,,,,,,,,,
small conductance mechanosensitive channel MscS,,,,,,,,,,,
small conductance mechanosensitive channel YnaI,,,,,,,,,,,
small heat shock protein IbpA homodimer,,,,,,,,,,,
small heat shock protein IbpB homodimer,,,,,,,,,,,
<i>sn</i>-glycerol 3-phosphate / glycerophosphodiester ABC transporter,EC-3.6.3.20 // EC-3.6.3,,,,,,,,,,
soluble pyridine nucleotide transhydrogenase,EC-1.6.1.2 // EC-1.6.1.3 // EC-1.6.1.1,,,,,,,,,,
sorbitol-6-phosphate 2-dehydrogenase,EC-1.1.1.140,,,,,,,,,,
sorbitol-specific PTS enzyme II,EC-2.7.1.198 // EC-2.7.1.197,,,,,,,,,,
spermidine <i>N</i>-acetyltransferase,EC-2.3.1.57,,,,,,,,,,
spermidine preferential ABC transporter,EC-3.6.3.31 // EC-3.6.3,,,,,,,,,,
spermidine synthase,EC-2.5.1.16 // EC-2.5.1,,,,,,,,,,
ssDNA translocase and dsDNA helicase - DNA helicase II,,,,,,,,,,,
ssDNA-binding protein,,,,,,,,,,,
succinate:quinone oxidoreductase subcomplex,EC-1.3.5.1,,,,,,,,,,
succinate:quinone oxidoreductase subcomplex,EC-1.3.5.1,,,,,,,,,,
"succinyl-CoA synthetase subunit &alpha;"" // ""succinyl-CoA synthetase subunit &beta;",EC-6.2.1.5,,,,,,,,,,
succinyl-diaminopimelate desuccinylase,EC-3.5.1.18,,,,,,,,,,
succinylornithine transaminase,EC-2.6.1.81 // EC-2.6.1.11,,,,,,,,,,
SufBC<sub>2</sub>D Fe-S cluster scaffold complex,,,,,,,,,,,
sulfate adenylyltransferase,EC-2.7.7.4,,,,,,,,,,
sulfate/thiosulfate ABC transporter,EC-3.6.3.25,,,,,,,,,,
"sulfite reductase, flavoprotein subunit complex",EC-1.5.1.30 // EC-1.8.1.2,,,,,,,,,,
sulfoquinovose isomerase,EC-5.3.1.31 // EC-5.3.1.7,,,,,,,,,,
sulfur acceptor for SufS cysteine desulfurase,,,,,,,,,,,
sulfur acceptor protein CsdE,,,,,,,,,,,
sulfurtransferase complex TusBCD,EC-2.8.1,,,,,,,,,,
sulfurtransferase for molybdenum cofactor sulfuration,,,,,,,,,,,
superoxide dismutase (Fe),EC-1.15.1.1,,,,,,,,,,
superoxide dismutase (Mn),EC-1.15.1.1,,,,,,,,,,
"tagatose-1,6-bisphosphate aldolase 1",EC-4.1.2.40,,,,,,,,,,
"tagatose-1,6-bisphosphate aldolase 2",EC-4.1.2.40,,,,,,,,,,
|Tap-Un|,,,,,,,,,,,
Tap<SUP>gln</SUP>,,,,,,,,,,,
Tap<SUP>glu</SUP>,,,,,,,,,,,
Tap<SUP>glu-Me</SUP>,,,,,,,,,,,
|Tar-Un|,,,,,,,,,,,
Tar<SUP>gln</SUP>,,,,,,,,,,,
Tar<SUP>glu</SUP>,,,,,,,,,,,
Tar<SUP>glu-Me</SUP>,,,,,,,,,,,
tartronate semialdehyde reductase 2,EC-1.1.1,,,,,,,,,,
"taurine ABC transporter periplasmic binding protein"" // ""taurine ABC transporter membrane subunit"" // ""taurine ABC transporter ATP binding subunit",EC-3.6.3.36,,,,,,,,,,
taurine dioxygenase,EC-1.14.11.17,,,,,,,,,,
tellurite methyltransferase,EC-2.1.1.265,,,,,,,,,,
tetrahydrodipicolinate succinylase,EC-2.3.1.117,,,,,,,,,,
The Tol-Pal Cell Envelope Complex,,,,,,,,,,,
"thiamin ABC transporter ATP binding subunit"" // ""thiamin ABC transporter membrane subunit"" // ""thiamin ABC transporter periplasmic binding protein",EC-3.6.3,,,,,,,,,,
thiazole synthase,EC-4.1.99.19 // EC-2.8.1.10,,,,,,,,,,
thioredoxin reductase,EC-1.8.1.9,,,,,,,,,,
thiosulfate sulfurtransferase GlpE,EC-2.8.1 // EC-2.8.1.1,,,,,,,,,,
thiosulfate sulfurtransferase YgaP,EC-2.8.1.1,,,,,,,,,,
thiosulfate/sulfate ABC transporter,EC-3.6.3.25,,,,,,,,,,
threonine deaminase,EC-4.3.1.19,,,,,,,,,,
threonine dehydrogenase,EC-1.1.1.103,,,,,,,,,,
threonine&mdash;tRNA ligase,EC-6.1.1.3,,,,,,,,,,
thymidine phosphorylase,EC-2.4.2.2 // EC-2.4.2.4 // EC-2.4.2.3,,,,,,,,,,
thymidylate synthase,EC-2.1.1.45,,,,,,,,,,
|Tor-R|,,,,,,,,,,,
TorR-Phosphorylated DNA-binding transcriptional dual regulator,,,,,,,,,,,
TorR-TorI,,,,,,,,,,,
subunit of trans-2-enoyl-CoA reductase (NADPH),,,,,,,,,,,
transaldolase B,EC-2.2.1.2,,,,,,,,,,
transcription antiterminator and regulator of RNA stability,,,,,,,,,,,
transcription termination factor Rho,,,,,,,,,,,
transcriptional activator RhaS,,,,,,,,,,,
transcriptional antiterminator BglG,,,,,,,,,,,
transketolase 1,EC-2.2.1.1,,,,,,,,,,
transketolase 2,EC-2.2.1.1,,,,,,,,,,
translocation and assembly module,,,,,,,,,,,
trehalose-specific PTS enzyme II,EC-2.7.1.199 // EC-2.7.1.201 // EC-2.7.1.192,,,,,,,,,,
|Trg-Un|,,,,,,,,,,,
Trg<SUP>gln</SUP>,,,,,,,,,,,
Trg<SUP>glu</SUP>,,,,,,,,,,,
Trg<SUP>glu-Me</SUP>,,,,,,,,,,,
trimethylamine N-oxide reductase 1,EC-1.7.2.3,,,,,,,,,,
trimethylamine N-oxide reductase 2,EC-1.7.2.3,,,,,,,,,,
triose-phosphate isomerase,EC-5.3.1.1,,,,,,,,,,
tRNA (cytidine/uridine-2'-<i>O</i>)-ribose methyltransferase,EC-2.1.1.207 // EC-2.1.1,,,,,,,,,,
tRNA adenosine<sup>34</sup> deaminase,EC-3.5.4,,,,,,,,,,
tRNA Cm32/Um32 methyltransferase,EC-2.1.1.200 // EC-2.1.1.205,,,,,,,,,,
tRNA cytosine<sup>32</sup> 2-sulfurtransferase TtcA,EC-2.8.1,,,,,,,,,,
tRNA m<sup>1</sup>G37 methyltransferase,EC-2.1.1.228,,,,,,,,,,
tRNA pseudouridine<sup>38-40</sup> synthase,EC-5.4.99.12,,,,,,,,,,
tRNA threonylcarbamoyladenosine dehydratase,,,,,,,,,,,
tRNA U34 carboxymethyltransferase,,,,,,,,,,,
tRNA-guanine transglycosylase,EC-2.4.2.29,,,,,,,,,,
truncated RNase PH,EC-2.7.7.56,,,,,,,,,,
"tryptophan synthase subunit &alpha;"" // ""tryptophan synthase, &beta; subunit dimer",EC-4.2.1.20 // EC-4.1.2.8 // EC-4.2.1.122,,,,,,,,,,
"tryptophan synthase, &beta; subunit dimer",EC-4.2.1.20 // EC-4.1.2.8 // EC-4.2.1.122,,,,,,,,,,
tryptophan&mdash;tRNA ligase,EC-6.1.1.2,,,,,,,,,,
tryptophanase,EC-4.1.99.1 // EC-4.4.1.1 // EC-4.4.1.28,,,,,,,,,,
|Tsr-Un|,,,,,,,,,,,
Tsr<SUP>gln</SUP>,,,,,,,,,,,
Tsr<SUP>glu</SUP>,,,,,,,,,,,
Tsr<SUP>glu-Me</SUP>,,,,,,,,,,,
twin arginine protein translocation system,,,,,,,,,,,
type I fimbriae usher protein,,,,,,,,,,,
Type II secretion system,"EC-3.4.23.43 // """"",,,,,,,,,,
tyrosine aminotransferase,EC-2.6.1.57 // EC-2.6.1.6 // EC-2.6.1.42 // EC-2.6.1.5,,,,,,,,,,
tyrosine&mdash;tRNA ligase,EC-6.1.1.1,,,,,,,,,,
ubiquinol&mdash;[NapC cytochrome <i>c</i>] reductase NapGH,EC-1.10.2.2,,,,,,,,,,
UDP-3-<i>O</i>-(3-hydroxymyristoyl)glucosamine <i>N</i>-acyltransferase,EC-2.3.1.191,,,,,,,,,,
UDP-4-amino-4-deoxy-L-arabinose formyltransferase/UDP-glucuronate dehydrogenase,EC-2.1.2.13 // EC-1.1.1.305,,,,,,,,,,
UDP-glucose 4-epimerase,EC-5.1.3.2,,,,,,,,,,
UDP-glucose 6-dehydrogenase,EC-1.1.1.22,,,,,,,,,,
UDP-<i>N</i>-acetyl-D-mannosamine dehydrogenase,EC-1.1.1.336,,,,,,,,,,
UDP-<i>N</i>-acetylglucosamine 2-epimerase,EC-5.1.3.14,,,,,,,,,,
UDP-N-acetylglucosamine acyltransferase,EC-2.3.1.129,,,,,,,,,,
UDP-<i>N</i>-acetylglucosamine&mdash;undecaprenyl-phosphate <i>N</i>-acetylglucosaminephosphotransferase,EC-2.7.8.33,,,,,,,,,,
UDP-<i>N</i>-acetylmuramate&mdash;L-alanine ligase,EC-6.3.2.8,,,,,,,,,,
UhpA-Phosphorylated DNA-binding transcriptional activator,,,,,,,,,,,
UMP kinase,EC-2.7.4.22 // EC-2.7.4.14,,,,,,,,,,
undecaprenyl diphosphate synthase,EC-2.5.1.31,,,,,,,,,,
"undecaprenyl-phosphate-&alpha;-L-Ara4N flippase - ArnE subunit"" // ""undecaprenyl-phosphate-&alpha;-L-Ara4N flippase - ArnF subunit",,,,,,,,,,,
universal stress protein G,,,,,,,,,,,
uracil phosphoribosyltransferase,EC-2.4.2.9,,,,,,,,,,
,,,,,,,,,,,
ureidoglycolate dehydrogenase,EC-1.1.1.350,,,,,,,,,,
uridine phosphorylase,EC-2.4.2.2 // EC-2.4.2.3,,,,,,,,,,
UTP&mdash;glucose-1-phosphate uridylyltransferase,EC-2.7.7.64 // EC-2.7.7.9,,,,,,,,,,
vitamin B<sub>12</sub> ABC transporter,EC-3.6.3.33,,,,,,,,,,
vitamin B12 outer membrane transport complex,,,,,,,,,,,
voltage-gated K<sup>+</sup> channel,,,,,,,,,,,
water channel AqpZ,,,,,,,,,,,
Xaa-Pro dipeptidase,EC-3.4.13.9,,,,,,,,,,
xanthine-guanine phosphoribosyltransferase,EC-2.4.2.22 // EC-2.4.2.8,,,,,,,,,,
xanthosine phosphorylase,EC-2.4.2.1 // EC-2.4.2.15 // EC-2.4.2,,,,,,,,,,
Xer site-specific recombination system,,,,,,,,,,,
ITPase/XTPase,EC-3.6.1,,,,,,,,,,
xylose ABC transporter,EC-3.6.3,,,,,,,,,,
xylose isomerase,EC-5.3.1.5,,,,,,,,,,
xylulokinase,EC-2.7.1.17 // EC-2.7.1,,,,,,,,,,
YefM-YoeB antitoxin/toxin complex / DNA-binding transcriptional repressor,,,,,,,,,,,
YhaV-PrlF toxin-antitoxin complex,"EC-3.1.26.1 // """"",,,,,,,,,,
Z-ring inhibitor complex MinCD,,,,,,,,,,,
Z-ring positioning protein MinC,,,,,,,,,,,
zinc-binding phosphatase,,,,,,,,,,,
"Zn<sup>2+</sup> ABC transporter ATP binding subunit"" // ""Zn<sup>2+</sup> ABC transporter membrane subunit"" // ""Zn<sup>2+</sup> ABC transporter periplasmic binding protein",EC-3.6.3,,,,,,,,,,
Zn<sup>2+</sup>/Fe<sup>2+</sup>/Cd<sup>2+</sup> exporter,,,,,,,,,,,
ZntR-Zn<sup>2+</sup> DNA-binding transcriptional activator,,,,,,,,,,,
[a <i>holo</i> malonate decarboxylase acyl-carrier-protein],,,,,,,,,,,
"[a pyruvate, water dikinase]-phosphate",,,,,,,,,,,
[a SoxY protein],,,,,,,,,,,
[a SoxZY protein]-thiocysteine-sulfate,,,,,,,,,,,
[an <i>apo</i> malonate decarboxylase acyl-carrier protein],,,,,,,,,,,
"[DsrEFH complex] persulfid
",,,,,,,,,,,
